a1,a2,a3,a4=u,a4=y,a4=l,a5=g,a5=p,a5=gg,a6=w,a6=q,a6=m,a6=r,a6=cc,a6=k,a6=c,a6=d,a6=x,a6=i,a6=e,a6=aa,a6=ff,a6=j,a7=v,a7=h,a7=bb,a7=ff,a7=j,a7=z,a7=o,a7=dd,a7=n,a8,a9,a10,a11,a12,a13=g,a13=s,a13=p,a14,a15,result
0,30.83,0,1,0,0,1,0,0,1,0,0,0,0,0,0,0,0,0,0,0,0,0,1,0,0,0,0,0,0,0,0,1.25,0,0,1,0,1,0,0,202,0,approved
1,58.67,4.46,1,0,0,1,0,0,0,1,0,0,0,0,0,0,0,0,0,0,0,0,0,1,0,0,0,0,0,0,0,3.04,0,0,6,0,1,0,0,43,560,approved
1,24.5,0.5,1,0,0,1,0,0,0,1,0,0,0,0,0,0,0,0,0,0,0,0,0,1,0,0,0,0,0,0,0,1.5,0,1,0,0,1,0,0,280,824,approved
0,27.83,1.54,1,0,0,1,0,0,1,0,0,0,0,0,0,0,0,0,0,0,0,0,1,0,0,0,0,0,0,0,0,3.75,0,0,5,1,1,0,0,100,3,approved
0,20.17,5.625,1,0,0,1,0,0,1,0,0,0,0,0,0,0,0,0,0,0,0,0,1,0,0,0,0,0,0,0,0,1.71,0,1,0,0,0,1,0,120,0,approved
0,32.08,4,1,0,0,1,0,0,0,0,1,0,0,0,0,0,0,0,0,0,0,0,1,0,0,0,0,0,0,0,0,2.5,0,1,0,1,1,0,0,360,0,approved
0,33.17,1.04,1,0,0,1,0,0,0,0,0,1,0,0,0,0,0,0,0,0,0,0,0,1,0,0,0,0,0,0,0,6.5,0,1,0,1,1,0,0,164,31285,approved
1,22.92,11.585,1,0,0,1,0,0,0,0,0,0,1,0,0,0,0,0,0,0,0,0,1,0,0,0,0,0,0,0,0,0.04,0,1,0,0,1,0,0,80,1349,approved
0,54.42,0.5,0,1,0,0,1,0,0,0,0,0,0,1,0,0,0,0,0,0,0,0,0,1,0,0,0,0,0,0,0,3.96,0,1,0,0,1,0,0,180,314,approved
0,42.5,4.915,0,1,0,0,1,0,1,0,0,0,0,0,0,0,0,0,0,0,0,0,1,0,0,0,0,0,0,0,0,3.165,0,1,0,1,1,0,0,52,1442,approved
0,22.08,0.83,1,0,0,1,0,0,0,0,0,0,0,0,1,0,0,0,0,0,0,0,0,1,0,0,0,0,0,0,0,2.165,1,1,0,1,1,0,0,128,0,approved
0,29.92,1.835,1,0,0,1,0,0,0,0,0,0,0,0,1,0,0,0,0,0,0,0,0,1,0,0,0,0,0,0,0,4.335,0,1,0,0,1,0,0,260,200,approved
1,38.25,6,1,0,0,1,0,0,0,0,0,0,0,1,0,0,0,0,0,0,0,0,1,0,0,0,0,0,0,0,0,1,0,1,0,1,1,0,0,0,0,approved
0,48.08,6.04,1,0,0,1,0,0,0,0,0,0,0,1,0,0,0,0,0,0,0,0,1,0,0,0,0,0,0,0,0,0.04,1,1,0,0,1,0,0,0,2690,approved
1,45.83,10.5,1,0,0,1,0,0,0,1,0,0,0,0,0,0,0,0,0,0,0,0,1,0,0,0,0,0,0,0,0,5,0,0,7,1,1,0,0,0,0,approved
0,36.67,4.415,0,1,0,0,1,0,0,0,0,0,0,1,0,0,0,0,0,0,0,0,1,0,0,0,0,0,0,0,0,0.25,0,0,10,1,1,0,0,320,0,approved
0,28.25,0.875,1,0,0,1,0,0,0,0,1,0,0,0,0,0,0,0,0,0,0,0,1,0,0,0,0,0,0,0,0,0.96,0,0,3,1,1,0,0,396,0,approved
1,23.25,5.875,1,0,0,1,0,0,0,1,0,0,0,0,0,0,0,0,0,0,0,0,1,0,0,0,0,0,0,0,0,3.17,0,0,10,0,1,0,0,120,245,approved
0,21.83,0.25,1,0,0,1,0,0,0,0,0,0,0,0,0,1,0,0,0,0,0,0,0,1,0,0,0,0,0,0,0,0.665,0,1,0,1,1,0,0,0,0,approved
1,19.17,8.585,1,0,0,1,0,0,0,0,0,0,1,0,0,0,0,0,0,0,0,0,0,1,0,0,0,0,0,0,0,0.75,0,0,7,0,1,0,0,96,0,approved
0,25,11.25,1,0,0,1,0,0,0,0,0,0,0,0,1,0,0,0,0,0,0,0,1,0,0,0,0,0,0,0,0,2.5,0,0,17,0,1,0,0,200,1208,approved
0,23.25,1,1,0,0,1,0,0,0,0,0,0,0,0,1,0,0,0,0,0,0,0,1,0,0,0,0,0,0,0,0,0.835,0,1,0,0,0,1,0,300,0,approved
1,47.75,8,1,0,0,1,0,0,0,0,0,0,0,0,1,0,0,0,0,0,0,0,1,0,0,0,0,0,0,0,0,7.875,0,0,6,1,1,0,0,0,1260,approved
1,27.42,14.5,1,0,0,1,0,0,0,0,0,0,0,0,0,0,1,0,0,0,0,0,0,1,0,0,0,0,0,0,0,3.085,0,0,1,0,1,0,0,120,11,approved
1,41.17,6.5,1,0,0,1,0,0,0,1,0,0,0,0,0,0,0,0,0,0,0,0,1,0,0,0,0,0,0,0,0,0.5,0,0,3,1,1,0,0,145,0,approved
1,15.83,0.585,1,0,0,1,0,0,0,0,0,0,0,0,1,0,0,0,0,0,0,0,0,1,0,0,0,0,0,0,0,1.5,0,0,2,0,1,0,0,100,0,approved
1,47,13,1,0,0,1,0,0,0,0,0,0,0,0,0,0,0,1,0,0,0,0,0,0,1,0,0,0,0,0,0,5.165,0,0,9,1,1,0,0,0,0,approved
0,56.58,18.5,1,0,0,1,0,0,0,0,0,0,0,0,0,1,0,0,0,0,0,0,0,0,1,0,0,0,0,0,0,15,0,0,17,1,1,0,0,0,0,approved
0,57.42,8.5,1,0,0,1,0,0,0,0,0,0,0,0,0,0,0,0,1,0,0,0,0,1,0,0,0,0,0,0,0,7,0,0,3,0,1,0,0,0,0,approved
0,42.08,1.04,1,0,0,1,0,0,1,0,0,0,0,0,0,0,0,0,0,0,0,0,1,0,0,0,0,0,0,0,0,5,0,0,6,1,1,0,0,500,10000,approved
0,29.25,14.79,1,0,0,1,0,0,0,0,0,0,0,0,0,0,0,0,0,1,0,0,1,0,0,0,0,0,0,0,0,5.04,0,0,5,1,1,0,0,168,0,approved
0,42,9.79,1,0,0,1,0,0,0,0,0,0,0,0,0,0,1,0,0,0,0,0,0,1,0,0,0,0,0,0,0,7.96,0,0,8,0,1,0,0,0,0,approved
0,49.5,7.585,1,0,0,1,0,0,0,0,0,0,0,0,0,0,0,1,0,0,0,0,0,0,1,0,0,0,0,0,0,7.585,0,0,15,1,1,0,0,0,5000,approved
1,36.75,5.125,1,0,0,1,0,0,0,0,0,0,0,0,0,0,0,0,1,0,0,0,1,0,0,0,0,0,0,0,0,5,0,1,0,1,1,0,0,0,4000,approved
1,22.58,10.75,1,0,0,1,0,0,0,1,0,0,0,0,0,0,0,0,0,0,0,0,1,0,0,0,0,0,0,0,0,0.415,0,0,5,1,1,0,0,0,560,approved
0,27.83,1.5,1,0,0,1,0,0,1,0,0,0,0,0,0,0,0,0,0,0,0,0,1,0,0,0,0,0,0,0,0,2,0,0,11,1,1,0,0,434,35,approved
0,27.25,1.585,1,0,0,1,0,0,0,0,0,0,1,0,0,0,0,0,0,0,0,0,0,1,0,0,0,0,0,0,0,1.835,0,0,12,1,1,0,0,583,713,approved
1,23,11.75,1,0,0,1,0,0,0,0,0,0,0,0,0,0,1,0,0,0,0,0,0,1,0,0,0,0,0,0,0,0.5,0,0,2,1,1,0,0,300,551,approved
0,27.75,0.585,0,1,0,0,1,0,0,0,0,0,1,0,0,0,0,0,0,0,0,0,1,0,0,0,0,0,0,0,0,0.25,0,0,2,0,1,0,0,260,500,approved
0,54.58,9.415,1,0,0,1,0,0,0,0,0,0,0,0,0,0,0,0,0,0,1,0,0,0,0,1,0,0,0,0,0,14.415,0,0,11,1,1,0,0,30,300,approved
0,34.17,9.17,1,0,0,1,0,0,0,0,0,0,0,0,1,0,0,0,0,0,0,0,1,0,0,0,0,0,0,0,0,4.5,0,0,12,1,1,0,0,0,221,approved
0,28.92,15,1,0,0,1,0,0,0,0,0,0,0,0,1,0,0,0,0,0,0,0,0,1,0,0,0,0,0,0,0,5.335,0,0,11,0,1,0,0,0,2283,approved
0,29.67,1.415,1,0,0,1,0,0,1,0,0,0,0,0,0,0,0,0,0,0,0,0,0,1,0,0,0,0,0,0,0,0.75,0,0,1,0,1,0,0,240,100,approved
0,39.58,13.915,1,0,0,1,0,0,1,0,0,0,0,0,0,0,0,0,0,0,0,0,1,0,0,0,0,0,0,0,0,8.625,0,0,6,1,1,0,0,70,0,approved
0,56.42,28,0,1,0,0,1,0,0,0,0,0,0,0,1,0,0,0,0,0,0,0,1,0,0,0,0,0,0,0,0,28.5,0,0,40,0,1,0,0,0,15,approved
0,54.33,6.75,1,0,0,1,0,0,0,0,0,0,0,0,1,0,0,0,0,0,0,0,0,1,0,0,0,0,0,0,0,2.625,0,0,11,1,1,0,0,0,284,approved
1,41,2.04,0,1,0,0,1,0,0,1,0,0,0,0,0,0,0,0,0,0,0,0,0,1,0,0,0,0,0,0,0,0.125,0,0,23,1,1,0,0,455,1236,approved
0,31.92,4.46,1,0,0,1,0,0,0,0,0,0,1,0,0,0,0,0,0,0,0,0,0,1,0,0,0,0,0,0,0,6.04,0,0,3,0,1,0,0,311,300,approved
0,41.5,1.54,1,0,0,1,0,0,0,0,0,0,0,0,0,0,0,1,0,0,0,0,0,0,1,0,0,0,0,0,0,3.5,1,1,0,0,1,0,0,216,0,approved
0,23.92,0.665,1,0,0,1,0,0,0,0,0,0,0,0,1,0,0,0,0,0,0,0,1,0,0,0,0,0,0,0,0,0.165,1,1,0,0,1,0,0,100,0,approved
1,25.75,0.5,1,0,0,1,0,0,0,0,0,0,0,0,1,0,0,0,0,0,0,0,0,1,0,0,0,0,0,0,0,0.875,0,1,0,1,1,0,0,491,0,approved
0,26,1,1,0,0,1,0,0,0,1,0,0,0,0,0,0,0,0,0,0,0,0,1,0,0,0,0,0,0,0,0,1.75,0,1,0,1,1,0,0,280,0,approved
0,37.42,2.04,1,0,0,1,0,0,1,0,0,0,0,0,0,0,0,0,0,0,0,0,1,0,0,0,0,0,0,0,0,0.04,0,1,0,1,1,0,0,400,5800,approved
0,34.92,2.5,1,0,0,1,0,0,1,0,0,0,0,0,0,0,0,0,0,0,0,0,1,0,0,0,0,0,0,0,0,0,0,1,0,1,1,0,0,239,200,approved
0,34.25,3,1,0,0,1,0,0,0,0,0,0,1,0,0,0,0,0,0,0,0,0,0,1,0,0,0,0,0,0,0,7.415,0,1,0,1,1,0,0,0,0,approved
0,23.33,11.625,0,1,0,0,1,0,1,0,0,0,0,0,0,0,0,0,0,0,0,0,1,0,0,0,0,0,0,0,0,0.835,0,1,0,1,1,0,0,160,300,approved
0,23.17,0,1,0,0,1,0,0,0,0,0,0,1,0,0,0,0,0,0,0,0,0,1,0,0,0,0,0,0,0,0,0.085,0,1,0,0,1,0,0,0,0,approved
0,44.33,0.5,1,0,0,1,0,0,0,0,0,0,0,0,0,0,0,1,0,0,0,0,0,1,0,0,0,0,0,0,0,5,0,1,0,1,1,0,0,320,0,approved
0,35.17,4.5,1,0,0,1,0,0,0,0,0,0,0,0,0,0,1,0,0,0,0,0,0,1,0,0,0,0,0,0,0,5.75,1,1,0,1,0,1,0,711,0,approved
0,43.25,3,1,0,0,1,0,0,0,1,0,0,0,0,0,0,0,0,0,0,0,0,0,1,0,0,0,0,0,0,0,6,0,0,11,0,1,0,0,80,0,approved
0,56.75,12.25,1,0,0,1,0,0,0,0,1,0,0,0,0,0,0,0,0,0,0,0,1,0,0,0,0,0,0,0,0,1.25,0,0,4,1,1,0,0,200,0,approved
0,31.67,16.165,1,0,0,1,0,0,0,0,0,0,0,0,0,1,0,0,0,0,0,0,1,0,0,0,0,0,0,0,0,3,0,0,9,0,1,0,0,250,730,approved
1,23.42,0.79,0,1,0,0,1,0,0,1,0,0,0,0,0,0,0,0,0,0,0,0,1,0,0,0,0,0,0,0,0,1.5,0,0,2,1,1,0,0,80,400,approved
1,20.42,0.835,1,0,0,1,0,0,0,1,0,0,0,0,0,0,0,0,0,0,0,0,1,0,0,0,0,0,0,0,0,1.585,0,0,1,0,1,0,0,0,0,approved
0,26.67,4.25,1,0,0,1,0,0,0,0,0,0,1,0,0,0,0,0,0,0,0,0,1,0,0,0,0,0,0,0,0,4.29,0,0,1,1,1,0,0,120,0,approved
0,34.17,1.54,1,0,0,1,0,0,0,0,0,0,1,0,0,0,0,0,0,0,0,0,1,0,0,0,0,0,0,0,0,1.54,0,0,1,1,1,0,0,520,50000,approved
1,36,1,1,0,0,1,0,0,0,0,0,0,0,0,1,0,0,0,0,0,0,0,1,0,0,0,0,0,0,0,0,2,0,0,11,0,1,0,0,0,456,approved
0,25.5,0.375,1,0,0,1,0,0,0,0,1,0,0,0,0,0,0,0,0,0,0,0,1,0,0,0,0,0,0,0,0,0.25,0,0,3,0,1,0,0,260,15108,approved
0,19.42,6.5,1,0,0,1,0,0,1,0,0,0,0,0,0,0,0,0,0,0,0,0,0,1,0,0,0,0,0,0,0,1.46,0,0,7,0,1,0,0,80,2954,approved
0,35.17,25.125,1,0,0,1,0,0,0,0,0,0,0,0,0,0,1,0,0,0,0,0,0,1,0,0,0,0,0,0,0,1.625,0,0,1,1,1,0,0,515,500,approved
0,32.33,7.5,1,0,0,1,0,0,0,0,0,0,0,0,0,0,0,0,1,0,0,0,0,0,1,0,0,0,0,0,0,1.585,0,1,0,1,0,1,0,420,0,rejected
0,34.83,4,1,0,0,1,0,0,0,0,0,0,0,0,0,1,0,0,0,0,0,0,0,0,1,0,0,0,0,0,0,12.5,0,1,0,1,1,0,0,184.014771,0,rejected
1,38.58,5,1,0,0,1,0,0,0,0,0,0,1,0,0,0,0,0,0,0,0,0,1,0,0,0,0,0,0,0,0,13.5,0,1,0,1,1,0,0,980,0,rejected
0,44.25,0.5,1,0,0,1,0,0,0,0,1,0,0,0,0,0,0,0,0,0,0,0,1,0,0,0,0,0,0,0,0,10.75,0,1,0,0,0,1,0,400,0,rejected
0,44.83,7,0,1,0,0,1,0,0,0,0,0,0,0,1,0,0,0,0,0,0,0,1,0,0,0,0,0,0,0,0,1.625,1,1,0,0,1,0,0,160,2,rejected
0,20.67,5.29,1,0,0,1,0,0,0,1,0,0,0,0,0,0,0,0,0,0,0,0,1,0,0,0,0,0,0,0,0,0.375,0,0,1,0,1,0,0,160,0,rejected
0,34.08,6.5,1,0,0,1,0,0,0,0,0,0,0,0,0,0,0,0,0,1,0,0,1,0,0,0,0,0,0,0,0,0.125,0,1,0,1,1,0,0,443,0,rejected
1,19.17,0.585,0,1,0,0,1,0,0,0,0,0,0,0,0,0,0,0,0,1,0,0,1,0,0,0,0,0,0,0,0,0.585,0,1,0,1,1,0,0,160,0,rejected
0,21.67,1.165,0,1,0,0,1,0,0,0,0,0,0,1,0,0,0,0,0,0,0,0,1,0,0,0,0,0,0,0,0,2.5,0,0,1,0,1,0,0,180,20,rejected
0,21.5,9.75,1,0,0,1,0,0,0,0,0,0,0,0,1,0,0,0,0,0,0,0,1,0,0,0,0,0,0,0,0,0.25,0,1,0,0,1,0,0,140,0,rejected
0,49.58,19,1,0,0,1,0,0,0,0,0,0,0,0,0,0,0,0,0,0,1,0,0,0,0,1,0,0,0,0,0,0,0,0,1,0,1,0,0,94,0,rejected
1,27.67,1.5,1,0,0,1,0,0,0,0,1,0,0,0,0,0,0,0,0,0,0,0,1,0,0,0,0,0,0,0,0,2,0,1,0,0,0,1,0,368,0,rejected
0,39.83,0.5,1,0,0,1,0,0,0,0,1,0,0,0,0,0,0,0,0,0,0,0,1,0,0,0,0,0,0,0,0,0.25,0,1,0,0,0,1,0,288,0,rejected
1,31.568171,3.5,1,0,0,1,0,0,0,0,0,0,0,0,0,1,0,0,0,0,0,0,1,0,0,0,0,0,0,0,0,3,0,1,0,1,1,0,0,300,0,rejected
0,27.25,0.625,1,0,0,1,0,0,0,0,0,0,0,0,0,0,0,0,0,1,0,0,1,0,0,0,0,0,0,0,0,0.455,0,1,0,1,1,0,0,200,0,rejected
0,37.17,4,1,0,0,1,0,0,0,0,0,0,0,0,1,0,0,0,0,0,0,0,0,0,1,0,0,0,0,0,0,5,0,1,0,1,0,1,0,280,0,rejected
0,31.568171,0.375,1,0,0,1,0,0,0,0,0,0,0,0,0,1,0,0,0,0,0,0,1,0,0,0,0,0,0,0,0,0.875,0,1,0,1,0,1,0,928,0,rejected
0,25.67,2.21,0,1,0,0,1,0,0,0,0,0,0,0,0,0,0,0,0,1,0,0,1,0,0,0,0,0,0,0,0,4,0,1,0,0,1,0,0,188,0,rejected
0,34,4.5,1,0,0,1,0,0,0,0,0,0,0,0,0,0,0,0,0,1,0,0,1,0,0,0,0,0,0,0,0,1,0,1,0,1,1,0,0,240,0,rejected
1,49,1.5,1,0,0,1,0,0,0,0,0,0,0,0,0,0,0,0,0,0,0,1,0,0,0,0,1,0,0,0,0,0,0,1,0,1,1,0,0,100,27,rejected
0,62.5,12.75,0,1,0,0,1,0,0,0,0,0,0,0,1,0,0,0,0,0,0,0,0,1,0,0,0,0,0,0,0,5,0,1,0,0,1,0,0,112,0,rejected
0,31.42,15.5,1,0,0,1,0,0,0,0,0,0,0,0,1,0,0,0,0,0,0,0,1,0,0,0,0,0,0,0,0,0.5,0,1,0,0,1,0,0,120,0,rejected
0,31.568171,5,0,1,0,0,1,0,0,0,0,0,0,0,0,0,0,0,0,1,0,0,1,0,0,0,0,0,0,0,0,8.5,0,1,0,0,1,0,0,0,0,rejected
0,52.33,1.375,0,1,0,0,1,0,0,0,0,0,0,0,1,0,0,0,0,0,0,0,0,1,0,0,0,0,0,0,0,9.46,0,1,0,1,1,0,0,200,100,rejected
0,28.75,1.5,0,1,0,0,1,0,0,0,0,0,0,0,1,0,0,0,0,0,0,0,1,0,0,0,0,0,0,0,0,1.5,0,1,0,1,1,0,0,0,225,rejected
1,28.58,3.54,1,0,0,1,0,0,0,0,0,0,0,0,0,0,0,1,0,0,0,0,0,0,1,0,0,0,0,0,0,0.5,0,1,0,1,1,0,0,171,0,rejected
0,23,0.625,0,1,0,0,1,0,0,0,0,0,0,0,0,0,0,0,0,1,0,0,1,0,0,0,0,0,0,0,0,0.125,0,1,0,0,1,0,0,180,1,rejected
0,31.568171,0.5,1,0,0,1,0,0,0,0,0,0,0,0,1,0,0,0,0,0,0,0,0,0,1,0,0,0,0,0,0,0.835,0,1,0,1,0,1,0,320,0,rejected
1,22.5,11,0,1,0,0,1,0,0,1,0,0,0,0,0,0,0,0,0,0,0,0,1,0,0,0,0,0,0,0,0,3,0,1,0,1,1,0,0,268,0,rejected
1,28.5,1,1,0,0,1,0,0,0,1,0,0,0,0,0,0,0,0,0,0,0,0,1,0,0,0,0,0,0,0,0,1,0,0,2,1,1,0,0,167,500,rejected
0,37.5,1.75,0,1,0,0,1,0,0,0,0,0,0,0,1,0,0,0,0,0,0,0,0,0,1,0,0,0,0,0,0,0.25,0,1,0,1,1,0,0,164,400,rejected
0,35.25,16.5,0,1,0,0,1,0,0,0,0,0,0,0,1,0,0,0,0,0,0,0,1,0,0,0,0,0,0,0,0,4,0,1,0,0,1,0,0,80,0,rejected
0,18.67,5,1,0,0,1,0,0,0,1,0,0,0,0,0,0,0,0,0,0,0,0,1,0,0,0,0,0,0,0,0,0.375,0,0,2,0,1,0,0,0,38,rejected
0,25,12,1,0,0,1,0,0,0,0,0,0,0,1,0,0,0,0,0,0,0,0,1,0,0,0,0,0,0,0,0,2.25,0,0,2,1,1,0,0,120,5,rejected
0,27.83,4,0,1,0,0,1,0,0,0,0,0,0,0,0,0,0,1,0,0,0,0,0,1,0,0,0,0,0,0,0,5.75,0,0,2,1,1,0,0,75,0,rejected
0,54.83,15.5,1,0,0,1,0,0,0,0,0,0,0,0,0,0,0,0,1,0,0,0,0,0,0,0,0,1,0,0,0,0,0,0,20,0,1,0,0,152,130,rejected
0,28.75,1.165,1,0,0,1,0,0,0,0,0,0,0,1,0,0,0,0,0,0,0,0,1,0,0,0,0,0,0,0,0,0.5,0,1,0,0,0,1,0,280,0,rejected
1,25,11,0,1,0,0,1,0,0,0,0,0,0,0,0,0,0,0,0,1,0,0,1,0,0,0,0,0,0,0,0,4.5,0,1,0,0,1,0,0,120,0,rejected
0,40.92,2.25,0,1,0,0,1,0,0,0,0,0,0,0,0,0,1,0,0,0,0,0,0,1,0,0,0,0,0,0,0,10,0,1,0,1,1,0,0,176,0,rejected
1,19.75,0.75,1,0,0,1,0,0,0,0,0,0,0,0,1,0,0,0,0,0,0,0,1,0,0,0,0,0,0,0,0,0.795,0,0,5,1,1,0,0,140,5,rejected
0,29.17,3.5,1,0,0,1,0,0,1,0,0,0,0,0,0,0,0,0,0,0,0,0,1,0,0,0,0,0,0,0,0,3.5,0,0,3,1,1,0,0,329,0,rejected
1,24.5,1.04,0,1,0,0,1,0,0,0,0,0,0,0,0,0,0,0,0,0,1,0,0,0,0,1,0,0,0,0,0,0.5,0,0,3,0,1,0,0,180,147,rejected
0,24.58,12.5,1,0,0,1,0,0,1,0,0,0,0,0,0,0,0,0,0,0,0,0,1,0,0,0,0,0,0,0,0,0.875,0,1,0,1,1,0,0,260,0,rejected
1,33.75,0.75,1,0,0,1,0,0,0,0,0,0,0,1,0,0,0,0,0,0,0,0,0,0,1,0,0,0,0,0,0,1,0,0,3,1,1,0,0,212,0,rejected
0,20.67,1.25,0,1,0,0,1,0,0,0,0,0,0,0,1,0,0,0,0,0,0,0,0,1,0,0,0,0,0,0,0,1.375,0,0,3,1,1,0,0,140,210,rejected
1,25.42,1.125,1,0,0,1,0,0,0,1,0,0,0,0,0,0,0,0,0,0,0,0,1,0,0,0,0,0,0,0,0,1.29,0,0,2,0,1,0,0,200,0,rejected
0,37.75,7,1,0,0,1,0,0,0,1,0,0,0,0,0,0,0,0,0,0,0,0,0,1,0,0,0,0,0,0,0,11.5,0,0,7,1,1,0,0,300,5,rejected
0,52.5,6.5,1,0,0,1,0,0,0,0,0,0,0,1,0,0,0,0,0,0,0,0,1,0,0,0,0,0,0,0,0,6.29,0,0,15,0,1,0,0,0,11202,approved
0,57.83,7.04,1,0,0,1,0,0,0,0,1,0,0,0,0,0,0,0,0,0,0,0,1,0,0,0,0,0,0,0,0,14,0,0,6,1,1,0,0,360,1332,approved
1,20.75,10.335,1,0,0,1,0,0,0,0,0,0,1,0,0,0,0,0,0,0,0,0,0,1,0,0,0,0,0,0,0,0.335,0,0,1,1,1,0,0,80,50,approved
0,39.92,6.21,1,0,0,1,0,0,0,1,0,0,0,0,0,0,0,0,0,0,0,0,1,0,0,0,0,0,0,0,0,0.04,0,0,1,0,1,0,0,200,300,approved
0,25.67,12.5,1,0,0,1,0,0,0,0,0,0,1,0,0,0,0,0,0,0,0,0,1,0,0,0,0,0,0,0,0,1.21,0,0,67,1,1,0,0,140,258,approved
1,24.75,12.5,1,0,0,1,0,0,0,0,0,0,0,0,0,0,0,0,0,1,0,0,1,0,0,0,0,0,0,0,0,1.5,0,0,12,1,1,0,0,120,567,approved
1,44.17,6.665,1,0,0,1,0,0,0,1,0,0,0,0,0,0,0,0,0,0,0,0,1,0,0,0,0,0,0,0,0,7.375,0,0,3,1,1,0,0,0,0,approved
1,23.5,9,1,0,0,1,0,0,0,1,0,0,0,0,0,0,0,0,0,0,0,0,1,0,0,0,0,0,0,0,0,8.5,0,0,5,1,1,0,0,120,0,approved
0,34.92,5,1,0,0,1,0,0,0,0,0,0,0,0,0,0,1,0,0,0,0,0,0,1,0,0,0,0,0,0,0,7.5,0,0,6,1,1,0,0,0,1000,approved
0,47.67,2.5,1,0,0,1,0,0,0,0,1,0,0,0,0,0,0,0,0,0,0,0,0,0,1,0,0,0,0,0,0,2.5,0,0,12,1,1,0,0,410,2510,approved
0,22.75,11,1,0,0,1,0,0,0,1,0,0,0,0,0,0,0,0,0,0,0,0,1,0,0,0,0,0,0,0,0,2.5,0,0,7,1,1,0,0,100,809,approved
0,34.42,4.25,1,0,0,1,0,0,0,0,0,0,0,0,0,0,0,1,0,0,0,0,0,0,1,0,0,0,0,0,0,3.25,0,0,2,0,1,0,0,274,610,approved
1,28.42,3.5,1,0,0,1,0,0,1,0,0,0,0,0,0,0,0,0,0,0,0,0,1,0,0,0,0,0,0,0,0,0.835,0,1,0,0,0,1,0,280,0,approved
0,67.75,5.5,1,0,0,1,0,0,0,0,0,0,0,0,0,0,0,0,1,0,0,0,0,0,0,0,0,1,0,0,0,13,0,0,1,1,1,0,0,0,0,approved
0,20.42,1.835,1,0,0,1,0,0,0,0,0,0,0,0,1,0,0,0,0,0,0,0,1,0,0,0,0,0,0,0,0,2.25,0,0,1,0,1,0,0,100,150,approved
1,47.42,8,1,0,0,1,0,0,0,0,0,0,0,0,0,0,0,0,1,0,0,0,0,0,1,0,0,0,0,0,0,6.5,0,0,6,0,1,0,0,375,51100,approved
0,36.25,5,1,0,0,1,0,0,0,0,0,0,0,0,1,0,0,0,0,0,0,0,0,0,1,0,0,0,0,0,0,2.5,0,0,6,0,1,0,0,0,367,approved
0,32.67,5.5,1,0,0,1,0,0,0,1,0,0,0,0,0,0,0,0,0,0,0,0,0,1,0,0,0,0,0,0,0,5.5,0,0,12,1,1,0,0,408,1000,approved
0,48.58,6.5,1,0,0,1,0,0,0,1,0,0,0,0,0,0,0,0,0,0,0,0,0,1,0,0,0,0,0,0,0,6,0,1,0,1,1,0,0,350,0,approved
0,39.92,0.54,0,1,0,0,1,0,0,0,0,0,0,0,0,0,0,0,0,1,0,0,1,0,0,0,0,0,0,0,0,0.5,0,0,3,0,1,0,0,200,1000,approved
0,33.58,2.75,1,0,0,1,0,0,0,0,1,0,0,0,0,0,0,0,0,0,0,0,1,0,0,0,0,0,0,0,0,4.25,0,0,6,0,1,0,0,204,0,approved
1,18.83,9.5,1,0,0,1,0,0,1,0,0,0,0,0,0,0,0,0,0,0,0,0,1,0,0,0,0,0,0,0,0,1.625,0,0,6,1,1,0,0,40,600,approved
1,26.92,13.5,1,0,0,1,0,0,0,1,0,0,0,0,0,0,0,0,0,0,0,0,0,1,0,0,0,0,0,0,0,5,0,0,2,0,1,0,0,0,5000,approved
1,31.25,3.75,1,0,0,1,0,0,0,0,0,0,1,0,0,0,0,0,0,0,0,0,0,1,0,0,0,0,0,0,0,0.625,0,0,9,1,1,0,0,181,0,approved
1,56.5,16,1,0,0,1,0,0,0,0,0,0,0,0,0,0,0,0,0,0,0,1,0,0,0,1,0,0,0,0,0,0,0,0,15,0,1,0,0,0,247,approved
0,43,0.29,0,1,0,0,1,0,0,0,0,0,1,0,0,0,0,0,0,0,0,0,0,1,0,0,0,0,0,0,0,1.75,0,0,8,0,1,0,0,100,375,approved
0,22.33,11,1,0,0,1,0,0,1,0,0,0,0,0,0,0,0,0,0,0,0,0,1,0,0,0,0,0,0,0,0,2,0,0,1,0,1,0,0,80,278,approved
0,27.25,1.665,1,0,0,1,0,0,0,0,0,0,1,0,0,0,0,0,0,0,0,0,0,1,0,0,0,0,0,0,0,5.085,0,0,9,0,1,0,0,399,827,approved
0,32.83,2.5,1,0,0,1,0,0,0,0,0,0,1,0,0,0,0,0,0,0,0,0,0,1,0,0,0,0,0,0,0,2.75,0,0,6,0,1,0,0,160,2072,approved
0,23.25,1.5,1,0,0,1,0,0,0,1,0,0,0,0,0,0,0,0,0,0,0,0,1,0,0,0,0,0,0,0,0,2.375,0,0,3,1,1,0,0,0,582,approved
1,40.33,7.54,0,1,0,0,1,0,0,1,0,0,0,0,0,0,0,0,0,0,0,0,0,1,0,0,0,0,0,0,0,8,0,0,14,0,1,0,0,0,2300,approved
1,30.5,6.5,1,0,0,1,0,0,0,0,0,0,0,0,1,0,0,0,0,0,0,0,0,0,1,0,0,0,0,0,0,4,0,0,7,1,1,0,0,0,3065,approved
1,52.83,15,1,0,0,1,0,0,0,0,0,0,0,0,1,0,0,0,0,0,0,0,1,0,0,0,0,0,0,0,0,5.5,0,0,14,0,1,0,0,0,2200,approved
1,46.67,0.46,1,0,0,1,0,0,0,0,0,0,1,0,0,0,0,0,0,0,0,0,0,1,0,0,0,0,0,0,0,0.415,0,0,11,1,1,0,0,440,6,approved
1,58.33,10,1,0,0,1,0,0,0,1,0,0,0,0,0,0,0,0,0,0,0,0,1,0,0,0,0,0,0,0,0,4,0,0,14,0,1,0,0,0,1602,approved
0,37.33,6.5,1,0,0,1,0,0,0,0,1,0,0,0,0,0,0,0,0,0,0,0,0,1,0,0,0,0,0,0,0,4.25,0,0,12,1,1,0,0,93,0,approved
0,23.08,2.5,1,0,0,1,0,0,0,0,0,0,0,0,1,0,0,0,0,0,0,0,1,0,0,0,0,0,0,0,0,1.085,0,0,11,1,1,0,0,60,2184,approved
0,32.75,1.5,1,0,0,1,0,0,0,0,0,0,1,0,0,0,0,0,0,0,0,0,0,1,0,0,0,0,0,0,0,5.5,0,0,3,1,1,0,0,0,0,approved
1,21.67,11.5,0,1,0,0,1,0,0,0,0,0,0,0,0,0,0,0,0,0,0,1,0,0,0,0,1,0,0,0,0,0,0,0,11,1,1,0,0,0,0,approved
1,28.5,3.04,0,1,0,0,1,0,0,0,0,0,0,0,0,0,1,0,0,0,0,0,0,1,0,0,0,0,0,0,0,2.54,0,0,1,0,1,0,0,70,0,approved
1,68.67,15,1,0,0,1,0,0,0,0,0,0,0,0,0,0,0,0,1,0,0,0,0,0,0,0,0,1,0,0,0,0,0,0,14,0,1,0,0,0,3376,approved
0,28,2,1,0,0,1,0,0,0,0,0,0,0,1,0,0,0,0,0,0,0,0,0,1,0,0,0,0,0,0,0,4.165,0,0,2,1,1,0,0,181,0,approved
0,34.08,0.08,0,1,0,0,1,0,0,0,1,0,0,0,0,0,0,0,0,0,0,0,0,0,1,0,0,0,0,0,0,0.04,0,0,1,1,1,0,0,280,2000,approved
0,27.67,2,1,0,0,1,0,0,0,0,0,0,0,0,0,0,1,0,0,0,0,0,0,1,0,0,0,0,0,0,0,1,0,0,4,0,1,0,0,140,7544,approved
0,44,2,1,0,0,1,0,0,0,0,1,0,0,0,0,0,0,0,0,0,0,0,1,0,0,0,0,0,0,0,0,1.75,0,0,2,1,1,0,0,0,15,approved
0,25.08,1.71,1,0,0,1,0,0,0,0,0,0,0,0,0,0,1,0,0,0,0,0,1,0,0,0,0,0,0,0,0,1.665,0,0,1,1,1,0,0,395,20,approved
0,32,1.75,0,1,0,0,1,0,0,0,0,0,0,0,0,0,0,0,1,0,0,0,0,1,0,0,0,0,0,0,0,0.04,0,1,0,1,1,0,0,393,0,approved
1,60.58,16.5,1,0,0,1,0,0,0,1,0,0,0,0,0,0,0,0,0,0,0,0,1,0,0,0,0,0,0,0,0,11,0,1,0,1,1,0,0,21,10561,approved
1,40.83,10,1,0,0,1,0,0,0,1,0,0,0,0,0,0,0,0,0,0,0,0,0,1,0,0,0,0,0,0,0,1.75,0,1,0,0,1,0,0,29,837,approved
0,19.33,9.5,1,0,0,1,0,0,0,1,0,0,0,0,0,0,0,0,0,0,0,0,1,0,0,0,0,0,0,0,0,1,0,1,0,1,1,0,0,60,400,approved
1,32.33,0.54,1,0,0,1,0,0,0,0,0,0,1,0,0,0,0,0,0,0,0,0,1,0,0,0,0,0,0,0,0,0.04,0,1,0,0,1,0,0,440,11177,approved
0,36.67,3.25,1,0,0,1,0,0,0,1,0,0,0,0,0,0,0,0,0,0,0,0,0,1,0,0,0,0,0,0,0,9,0,1,0,1,1,0,0,102,639,approved
0,37.5,1.125,0,1,0,0,1,0,0,0,0,0,0,0,0,1,0,0,0,0,0,0,1,0,0,0,0,0,0,0,0,1.5,1,1,0,1,1,0,0,431,0,approved
1,25.08,2.54,0,1,0,0,1,0,0,0,0,0,0,0,0,0,0,0,0,1,0,0,1,0,0,0,0,0,0,0,0,0.25,0,1,0,1,1,0,0,370,0,approved
0,41.33,0,1,0,0,1,0,0,0,0,0,0,0,0,1,0,0,0,0,0,0,0,0,0,1,0,0,0,0,0,0,15,0,1,0,0,1,0,0,0,0,approved
0,56,12.5,1,0,0,1,0,0,0,0,0,0,0,1,0,0,0,0,0,0,0,0,0,1,0,0,0,0,0,0,0,8,0,1,0,1,1,0,0,24,2028,approved
1,49.83,13.585,1,0,0,1,0,0,0,0,0,0,0,1,0,0,0,0,0,0,0,0,0,1,0,0,0,0,0,0,0,8.5,0,1,0,1,1,0,0,0,0,approved
0,22.67,10.5,1,0,0,1,0,0,0,1,0,0,0,0,0,0,0,0,0,0,0,0,0,1,0,0,0,0,0,0,0,1.335,0,1,0,0,1,0,0,100,0,approved
0,27,1.5,0,1,0,0,1,0,1,0,0,0,0,0,0,0,0,0,0,0,0,0,1,0,0,0,0,0,0,0,0,0.375,0,1,0,1,1,0,0,260,1065,approved
0,25,12.5,1,0,0,1,0,0,0,0,0,0,0,0,0,0,0,0,0,1,0,0,1,0,0,0,0,0,0,0,0,3,0,1,0,1,0,1,0,20,0,approved
1,26.08,8.665,1,0,0,1,0,0,0,0,0,0,0,0,0,0,0,0,0,1,0,0,1,0,0,0,0,0,0,0,0,1.415,0,1,0,0,1,0,0,160,150,approved
1,18.42,9.25,1,0,0,1,0,0,0,1,0,0,0,0,0,0,0,0,0,0,0,0,1,0,0,0,0,0,0,0,0,1.21,0,0,4,0,1,0,0,60,540,approved
0,20.17,8.17,1,0,0,1,0,0,0,0,0,0,0,0,0,0,0,0,0,1,0,0,1,0,0,0,0,0,0,0,0,1.96,0,0,14,0,1,0,0,60,158,approved
0,47.67,0.29,1,0,0,1,0,0,0,0,0,0,0,0,1,0,0,0,0,0,0,0,0,0,1,0,0,0,0,0,0,15,0,0,20,0,1,0,0,0,15000,approved
1,21.25,2.335,1,0,0,1,0,0,0,0,0,0,0,0,0,0,0,1,0,0,0,0,0,0,1,0,0,0,0,0,0,0.5,0,0,4,0,0,1,0,80,0,approved
1,20.67,3,1,0,0,1,0,0,0,1,0,0,0,0,0,0,0,0,0,0,0,0,1,0,0,0,0,0,0,0,0,0.165,0,0,3,0,1,0,0,100,6,approved
1,57.08,19.5,1,0,0,1,0,0,0,0,0,0,0,0,1,0,0,0,0,0,0,0,1,0,0,0,0,0,0,0,0,5.5,0,0,7,0,1,0,0,0,3000,approved
1,22.42,5.665,1,0,0,1,0,0,0,1,0,0,0,0,0,0,0,0,0,0,0,0,1,0,0,0,0,0,0,0,0,2.585,0,0,7,0,1,0,0,129,3257,approved
0,48.75,8.5,1,0,0,1,0,0,0,0,0,0,0,0,1,0,0,0,0,0,0,0,0,1,0,0,0,0,0,0,0,12.5,0,0,9,0,1,0,0,181,1655,approved
0,40,6.5,1,0,0,1,0,0,0,0,0,0,0,0,0,0,0,0,0,1,0,0,0,0,1,0,0,0,0,0,0,3.5,0,0,1,0,1,0,0,0,500,approved
0,40.58,5,1,0,0,1,0,0,0,0,0,0,0,0,1,0,0,0,0,0,0,0,1,0,0,0,0,0,0,0,0,5,0,0,7,0,1,0,0,0,3065,approved
1,28.67,1.04,1,0,0,1,0,0,0,0,0,0,0,0,1,0,0,0,0,0,0,0,1,0,0,0,0,0,0,0,0,2.5,0,0,5,1,1,0,0,300,1430,approved
1,33.08,4.625,1,0,0,1,0,0,0,1,0,0,0,0,0,0,0,0,0,0,0,0,0,1,0,0,0,0,0,0,0,1.625,0,0,2,0,1,0,0,0,0,approved
0,21.33,10.5,1,0,0,1,0,0,0,0,0,0,0,0,1,0,0,0,0,0,0,0,1,0,0,0,0,0,0,0,0,3,0,1,0,1,1,0,0,0,0,approved
0,42,0.205,1,0,0,1,0,0,0,0,0,0,0,0,0,0,0,1,0,0,0,0,0,1,0,0,0,0,0,0,0,5.125,0,1,0,0,1,0,0,400,0,approved
0,41.75,0.96,1,0,0,1,0,0,0,0,0,0,0,0,0,0,1,0,0,0,0,0,1,0,0,0,0,0,0,0,0,2.5,0,1,0,0,1,0,0,510,600,approved
0,22.67,1.585,0,1,0,0,1,0,1,0,0,0,0,0,0,0,0,0,0,0,0,0,1,0,0,0,0,0,0,0,0,3.085,0,0,6,0,1,0,0,80,0,approved
0,34.5,4.04,0,1,0,0,1,0,0,0,0,0,0,0,0,0,0,1,0,0,0,0,0,0,1,0,0,0,0,0,0,8.5,0,0,7,1,1,0,0,195,0,approved
0,28.25,5.04,0,1,0,0,1,0,0,0,0,0,0,0,1,0,0,0,0,0,0,0,0,0,1,0,0,0,0,0,0,1.5,0,0,8,1,1,0,0,144,7,approved
0,33.17,3.165,0,1,0,0,1,0,0,0,0,0,0,0,0,0,1,0,0,0,0,0,1,0,0,0,0,0,0,0,0,3.165,0,0,3,1,1,0,0,380,0,approved
0,48.17,7.625,1,0,0,1,0,0,1,0,0,0,0,0,0,0,0,0,0,0,0,0,0,1,0,0,0,0,0,0,0,15.5,0,0,12,0,1,0,0,0,790,approved
0,27.58,2.04,0,1,0,0,1,0,0,0,0,0,0,0,0,0,0,0,0,1,0,0,1,0,0,0,0,0,0,0,0,2,0,0,3,1,1,0,0,370,560,approved
0,22.58,10.04,1,0,0,1,0,0,0,0,0,0,0,0,0,0,1,0,0,0,0,0,1,0,0,0,0,0,0,0,0,0.04,0,0,9,0,1,0,0,60,396,approved
1,24.08,0.5,1,0,0,1,0,0,0,1,0,0,0,0,0,0,0,0,0,0,0,0,0,1,0,0,0,0,0,0,0,1.25,0,0,1,0,1,0,0,0,678,approved
1,41.33,1,1,0,0,1,0,0,0,0,0,0,0,0,0,0,0,1,0,0,0,0,0,0,1,0,0,0,0,0,0,2.25,0,1,0,1,1,0,0,0,300,approved
0,24.83,2.75,1,0,0,1,0,0,0,0,0,0,0,0,1,0,0,0,0,0,0,0,1,0,0,0,0,0,0,0,0,2.25,0,0,6,0,1,0,0,184.014771,600,approved
1,20.75,10.25,1,0,0,1,0,0,0,1,0,0,0,0,0,0,0,0,0,0,0,0,1,0,0,0,0,0,0,0,0,0.71,0,0,2,1,1,0,0,49,0,approved
0,36.33,2.125,0,1,0,0,1,0,1,0,0,0,0,0,0,0,0,0,0,0,0,0,1,0,0,0,0,0,0,0,0,0.085,0,0,1,0,1,0,0,50,1187,approved
1,35.42,12,1,0,0,1,0,0,0,1,0,0,0,0,0,0,0,0,0,0,0,0,0,1,0,0,0,0,0,0,0,14,0,0,8,0,1,0,0,0,6590,approved
1,71.58,0,1,0,0,1,0,0,0,0,0,0,0,0,1,0,0,0,0,0,0,0,1,0,0,0,0,0,0,0,0,0,1,1,0,0,0,0,1,184.014771,0,approved
0,28.67,9.335,1,0,0,1,0,0,0,1,0,0,0,0,0,0,0,0,0,0,0,0,0,1,0,0,0,0,0,0,0,5.665,0,0,6,0,1,0,0,381,168,approved
0,35.17,2.5,1,0,0,1,0,0,0,0,0,0,0,1,0,0,0,0,0,0,0,0,1,0,0,0,0,0,0,0,0,4.5,0,0,7,0,1,0,0,150,1270,approved
0,39.5,4.25,1,0,0,1,0,0,0,0,0,0,0,0,1,0,0,0,0,0,0,0,0,0,1,0,0,0,0,0,0,6.5,0,0,16,0,1,0,0,117,1210,approved
0,39.33,5.875,1,0,0,1,0,0,0,0,0,0,1,0,0,0,0,0,0,0,0,0,0,1,0,0,0,0,0,0,0,10,0,0,14,1,1,0,0,399,0,approved
0,24.33,6.625,0,1,0,0,1,0,0,0,0,0,0,0,0,1,0,0,0,0,0,0,1,0,0,0,0,0,0,0,0,5.5,0,1,0,1,0,1,0,100,0,approved
0,60.08,14.5,1,0,0,1,0,0,0,0,0,0,0,0,0,0,0,0,0,0,1,0,0,0,0,1,0,0,0,0,0,18,0,0,15,1,1,0,0,0,1000,approved
0,23.08,11.5,1,0,0,1,0,0,0,0,0,0,0,0,0,0,0,1,0,0,0,0,1,0,0,0,0,0,0,0,0,3.5,0,0,9,0,1,0,0,56,742,approved
0,26.67,2.71,0,1,0,0,1,0,0,0,0,0,1,0,0,0,0,0,0,0,0,0,1,0,0,0,0,0,0,0,0,5.25,0,0,1,0,1,0,0,211,0,approved
0,48.17,3.5,1,0,0,1,0,0,0,0,0,0,0,0,0,0,0,0,0,1,0,0,1,0,0,0,0,0,0,0,0,3.5,0,1,0,0,0,1,0,230,0,approved
0,41.17,4.04,1,0,0,1,0,0,0,0,0,0,1,0,0,0,0,0,0,0,0,0,0,1,0,0,0,0,0,0,0,7,0,0,8,0,1,0,0,320,0,approved
0,55.92,11.5,1,0,0,1,0,0,0,0,0,0,0,0,0,0,0,0,0,0,1,0,0,0,0,1,0,0,0,0,0,5,0,0,5,0,1,0,0,0,8851,approved
0,53.92,9.625,1,0,0,1,0,0,0,0,0,0,0,0,0,0,0,0,1,0,0,0,1,0,0,0,0,0,0,0,0,8.665,0,0,5,0,1,0,0,0,0,approved
1,18.92,9.25,0,1,0,0,1,0,0,0,0,0,0,0,1,0,0,0,0,0,0,0,1,0,0,0,0,0,0,0,0,1,0,0,4,1,1,0,0,80,500,approved
1,50.08,12.54,1,0,0,1,0,0,0,0,0,0,0,0,0,0,0,0,0,1,0,0,1,0,0,0,0,0,0,0,0,2.29,0,0,3,1,1,0,0,156,0,approved
0,65.42,11,1,0,0,1,0,0,0,0,0,0,0,0,0,0,0,0,1,0,0,0,0,0,0,0,0,1,0,0,0,20,0,0,7,1,1,0,0,22,0,approved
1,17.58,9,1,0,0,1,0,0,0,0,0,0,0,0,0,0,0,0,0,1,0,0,1,0,0,0,0,0,0,0,0,1.375,0,1,0,1,1,0,0,0,0,approved
1,18.83,9.54,1,0,0,1,0,0,0,0,0,0,0,0,0,0,0,0,0,1,0,0,1,0,0,0,0,0,0,0,0,0.085,0,1,0,0,1,0,0,100,0,approved
1,37.75,5.5,1,0,0,1,0,0,0,1,0,0,0,0,0,0,0,0,0,0,0,0,1,0,0,0,0,0,0,0,0,0.125,0,1,0,1,1,0,0,228,0,approved
0,23.25,4,1,0,0,1,0,0,0,0,0,0,0,0,1,0,0,0,0,0,0,0,0,0,1,0,0,0,0,0,0,0.25,0,1,0,1,1,0,0,160,0,approved
0,18.08,5.5,1,0,0,1,0,0,0,0,0,0,0,1,0,0,0,0,0,0,0,0,1,0,0,0,0,0,0,0,0,0.5,0,1,0,0,1,0,0,80,0,approved
1,22.5,8.46,0,1,0,0,1,0,0,0,0,0,0,0,0,0,1,0,0,0,0,0,1,0,0,0,0,0,0,0,0,2.46,1,1,0,0,1,0,0,164,0,approved
0,19.67,0.375,1,0,0,1,0,0,0,1,0,0,0,0,0,0,0,0,0,0,0,0,1,0,0,0,0,0,0,0,0,2,0,0,2,1,1,0,0,80,0,approved
0,22.08,11,1,0,0,1,0,0,0,0,0,0,1,0,0,0,0,0,0,0,0,0,1,0,0,0,0,0,0,0,0,0.665,0,1,0,0,1,0,0,100,0,approved
0,25.17,3.5,1,0,0,1,0,0,0,0,0,0,1,0,0,0,0,0,0,0,0,0,1,0,0,0,0,0,0,0,0,0.625,0,0,7,0,1,0,0,0,7059,approved
1,47.42,3,1,0,0,1,0,0,0,0,0,0,0,0,0,0,1,0,0,0,0,0,1,0,0,0,0,0,0,0,0,13.875,0,0,2,1,1,0,0,519,1704,approved
0,33.5,1.75,1,0,0,1,0,0,0,0,0,0,0,0,0,0,1,0,0,0,0,0,0,1,0,0,0,0,0,0,0,4.5,0,0,4,1,1,0,0,253,857,approved
0,27.67,13.75,1,0,0,1,0,0,1,0,0,0,0,0,0,0,0,0,0,0,0,0,1,0,0,0,0,0,0,0,0,5.75,0,1,0,1,1,0,0,487,500,approved
1,58.42,21,1,0,0,1,0,0,0,0,0,0,0,0,0,0,0,1,0,0,0,0,0,0,1,0,0,0,0,0,0,10,0,0,13,0,1,0,0,0,6700,approved
1,20.67,1.835,1,0,0,1,0,0,0,1,0,0,0,0,0,0,0,0,0,0,0,0,1,0,0,0,0,0,0,0,0,2.085,0,0,5,0,1,0,0,220,2503,approved
0,26.17,0.25,1,0,0,1,0,0,0,0,0,0,0,0,0,0,0,1,0,0,0,0,0,0,1,0,0,0,0,0,0,0,0,1,0,1,1,0,0,0,0,approved
0,21.33,7.5,1,0,0,1,0,0,0,0,0,0,0,0,0,0,0,0,0,1,0,0,1,0,0,0,0,0,0,0,0,1.415,0,0,1,0,1,0,0,80,9800,approved
0,42.83,4.625,1,0,0,1,0,0,0,1,0,0,0,0,0,0,0,0,0,0,0,0,1,0,0,0,0,0,0,0,0,4.58,0,1,0,0,0,1,0,0,0,approved
0,38.17,10.125,1,0,0,1,0,0,0,0,0,0,0,0,0,0,1,0,0,0,0,0,1,0,0,0,0,0,0,0,0,2.5,0,0,6,0,1,0,0,520,196,approved
0,20.5,10,0,1,0,0,1,0,0,0,0,0,0,0,1,0,0,0,0,0,0,0,1,0,0,0,0,0,0,0,0,2.5,0,1,0,0,0,1,0,40,0,approved
0,48.25,25.085,1,0,0,1,0,0,1,0,0,0,0,0,0,0,0,0,0,0,0,0,1,0,0,0,0,0,0,0,0,1.75,0,0,3,0,1,0,0,120,14,approved
0,28.33,5,1,0,0,1,0,0,1,0,0,0,0,0,0,0,0,0,0,0,0,0,1,0,0,0,0,0,0,0,0,11,0,1,0,1,1,0,0,70,0,approved
1,18.75,7.5,1,0,0,1,0,0,0,1,0,0,0,0,0,0,0,0,0,0,0,0,1,0,0,0,0,0,0,0,0,2.71,0,0,5,0,1,0,0,184.014771,26726,approved
0,18.5,2,1,0,0,1,0,0,0,0,0,0,0,0,0,0,0,1,0,0,0,0,1,0,0,0,0,0,0,0,0,1.5,0,0,2,0,1,0,0,120,300,approved
0,33.17,3.04,0,1,0,0,1,0,0,0,0,0,0,0,1,0,0,0,0,0,0,0,0,1,0,0,0,0,0,0,0,2.04,0,0,1,1,1,0,0,180,18027,approved
0,45,8.5,1,0,0,1,0,0,0,0,0,0,1,0,0,0,0,0,0,0,0,0,0,1,0,0,0,0,0,0,0,14,0,0,1,1,1,0,0,88,2000,approved
1,19.67,0.21,1,0,0,1,0,0,0,1,0,0,0,0,0,0,0,0,0,0,0,0,0,1,0,0,0,0,0,0,0,0.29,0,0,11,0,1,0,0,80,99,approved
0,24.5,12.75,1,0,0,1,0,0,0,0,0,0,0,0,1,0,0,0,0,0,0,0,0,0,1,0,0,0,0,0,0,4.75,0,0,2,0,1,0,0,73,444,approved
0,21.83,11,1,0,0,1,0,0,0,0,0,0,0,0,0,0,1,0,0,0,0,0,1,0,0,0,0,0,0,0,0,0.29,0,0,6,0,1,0,0,121,0,approved
0,40.25,21.5,1,0,0,1,0,0,0,0,0,0,0,0,0,0,0,0,1,0,0,0,0,0,0,0,0,1,0,0,0,20,0,0,11,0,1,0,0,0,1200,approved
0,41.42,5,1,0,0,1,0,0,0,1,0,0,0,0,0,0,0,0,0,0,0,0,0,1,0,0,0,0,0,0,0,5,0,0,6,1,1,0,0,470,0,approved
1,17.83,11,1,0,0,1,0,0,0,0,0,0,0,0,0,0,1,0,0,0,0,0,0,1,0,0,0,0,0,0,0,1,0,0,11,0,1,0,0,0,3000,approved
0,23.17,11.125,1,0,0,1,0,0,0,0,0,0,0,0,0,0,1,0,0,0,0,0,0,1,0,0,0,0,0,0,0,0.46,0,0,1,0,1,0,0,100,0,approved
0,31.568171,0.625,1,0,0,1,0,0,0,0,0,0,0,1,0,0,0,0,0,0,0,0,1,0,0,0,0,0,0,0,0,0.25,1,1,0,0,1,0,0,380,2010,rejected
0,18.17,10.25,1,0,0,1,0,0,0,0,0,0,0,0,1,0,0,0,0,0,0,0,0,1,0,0,0,0,0,0,0,1.085,1,1,0,0,1,0,0,320,13,rejected
0,20,11.045,1,0,0,1,0,0,0,0,0,0,0,0,1,0,0,0,0,0,0,0,1,0,0,0,0,0,0,0,0,2,1,1,0,1,1,0,0,136,0,rejected
0,20,0,1,0,0,1,0,0,0,0,0,0,0,0,0,1,0,0,0,0,0,0,1,0,0,0,0,0,0,0,0,0.5,1,1,0,0,1,0,0,144,0,rejected
1,20.75,9.54,1,0,0,1,0,0,0,0,0,0,0,0,0,0,0,1,0,0,0,0,1,0,0,0,0,0,0,0,0,0.04,1,1,0,0,1,0,0,200,1000,rejected
1,24.5,1.75,0,1,0,0,1,0,0,0,0,0,0,0,1,0,0,0,0,0,0,0,1,0,0,0,0,0,0,0,0,0.165,1,1,0,0,1,0,0,132,0,rejected
0,32.75,2.335,1,0,0,1,0,0,0,0,0,0,0,0,0,1,0,0,0,0,0,0,0,1,0,0,0,0,0,0,0,5.75,1,1,0,1,1,0,0,292,0,rejected
1,52.17,0,0,1,0,0,1,0,0,0,0,0,0,0,0,0,0,0,0,0,1,0,0,0,0,1,0,0,0,0,0,0,1,1,0,0,1,0,0,0,0,rejected
1,48.17,1.335,1,0,0,1,0,0,0,0,0,0,0,0,0,0,0,1,0,0,0,0,0,0,0,0,0,0,1,0,0,0.335,1,1,0,0,1,0,0,0,120,rejected
1,20.42,10.5,0,1,0,0,1,0,0,0,0,0,0,0,0,0,1,0,0,0,0,0,0,1,0,0,0,0,0,0,0,0,1,1,0,1,1,0,0,154,32,rejected
0,50.75,0.585,1,0,0,1,0,0,0,0,0,0,0,0,0,0,0,0,0,0,1,0,0,0,0,1,0,0,0,0,0,0,1,1,0,0,1,0,0,145,0,rejected
0,17.08,0.085,0,1,0,0,1,0,0,0,0,0,0,0,1,0,0,0,0,0,0,0,1,0,0,0,0,0,0,0,0,0.04,1,1,0,0,1,0,0,140,722,rejected
0,18.33,1.21,0,1,0,0,1,0,0,0,0,0,0,0,0,0,0,0,1,0,0,0,0,0,0,0,0,0,0,1,0,0,1,1,0,0,1,0,0,100,0,rejected
1,32,6,1,0,0,1,0,0,0,0,0,0,0,0,0,1,0,0,0,0,0,0,1,0,0,0,0,0,0,0,0,1.25,1,1,0,0,1,0,0,272,0,rejected
0,59.67,1.54,1,0,0,1,0,0,0,1,0,0,0,0,0,0,0,0,0,0,0,0,1,0,0,0,0,0,0,0,0,0.125,0,1,0,1,1,0,0,260,0,approved
0,18,0.165,1,0,0,1,0,0,0,1,0,0,0,0,0,0,0,0,0,0,0,0,0,0,0,0,0,0,0,0,1,0.21,1,1,0,0,1,0,0,200,40,approved
0,37.58,0,1,0,0,1,0,0,0,0,0,0,0,0,1,0,0,0,0,0,0,0,1,0,0,0,0,0,0,0,0,0,1,1,0,0,0,0,1,184.014771,0,approved
0,32.33,2.5,1,0,0,1,0,0,0,0,0,0,0,0,1,0,0,0,0,0,0,0,1,0,0,0,0,0,0,0,0,1.25,1,1,0,1,1,0,0,280,0,rejected
0,18.08,6.75,0,1,0,0,1,0,0,0,1,0,0,0,0,0,0,0,0,0,0,0,1,0,0,0,0,0,0,0,0,0.04,1,1,0,0,1,0,0,140,0,rejected
0,38.25,10.125,0,1,0,0,1,0,0,0,0,0,0,1,0,0,0,0,0,0,0,0,1,0,0,0,0,0,0,0,0,0.125,1,1,0,0,1,0,0,160,0,rejected
0,30.67,2.5,1,0,0,1,0,0,0,0,0,0,1,0,0,0,0,0,0,0,0,0,0,1,0,0,0,0,0,0,0,2.25,1,1,0,1,0,1,0,340,0,rejected
0,18.58,5.71,1,0,0,1,0,0,0,0,0,0,0,0,0,1,0,0,0,0,0,0,1,0,0,0,0,0,0,0,0,0.54,1,1,0,0,1,0,0,120,0,rejected
1,19.17,5.415,1,0,0,1,0,0,0,0,0,0,0,0,0,0,0,1,0,0,0,0,0,1,0,0,0,0,0,0,0,0.29,1,1,0,0,1,0,0,80,484,rejected
1,18.17,10,0,1,0,0,1,0,0,1,0,0,0,0,0,0,0,0,0,0,0,0,0,1,0,0,0,0,0,0,0,0.165,1,1,0,0,1,0,0,340,0,rejected
0,24.58,13.5,0,1,0,0,1,0,0,0,0,0,0,0,0,0,0,0,0,0,1,0,0,0,0,1,0,0,0,0,0,0,1,1,0,0,1,0,0,184.014771,0,rejected
0,16.25,0.835,1,0,0,1,0,0,0,0,1,0,0,0,0,0,0,0,0,0,0,0,1,0,0,0,0,0,0,0,0,0.085,0,1,0,0,0,1,0,200,0,rejected
0,21.17,0.875,0,1,0,0,1,0,0,0,0,0,0,0,1,0,0,0,0,0,0,0,0,1,0,0,0,0,0,0,0,0.25,1,1,0,0,1,0,0,280,204,rejected
0,23.92,0.585,0,1,0,0,1,0,0,0,0,0,1,0,0,0,0,0,0,0,0,0,0,1,0,0,0,0,0,0,0,0.125,1,1,0,0,1,0,0,240,1,rejected
0,17.67,4.46,1,0,0,1,0,0,0,0,0,0,0,0,1,0,0,0,0,0,0,0,1,0,0,0,0,0,0,0,0,0.25,1,1,0,0,0,1,0,80,0,rejected
1,16.5,1.25,1,0,0,1,0,0,0,1,0,0,0,0,0,0,0,0,0,0,0,0,1,0,0,0,0,0,0,0,0,0.25,1,0,1,0,1,0,0,108,98,rejected
0,23.25,12.625,1,0,0,1,0,0,0,0,0,0,0,0,1,0,0,0,0,0,0,0,1,0,0,0,0,0,0,0,0,0.125,1,0,2,0,1,0,0,0,5552,rejected
0,17.58,10,1,0,0,1,0,0,1,0,0,0,0,0,0,0,0,0,0,0,0,0,0,1,0,0,0,0,0,0,0,0.165,1,0,1,0,1,0,0,120,1,rejected
1,31.568171,1.5,1,0,0,1,0,0,0,0,0,0,0,0,0,0,0,0,0,0,1,0,0,0,0,1,0,0,0,0,0,0,1,0,2,1,1,0,0,200,105,rejected
0,29.5,0.58,1,0,0,1,0,0,1,0,0,0,0,0,0,0,0,0,0,0,0,0,1,0,0,0,0,0,0,0,0,0.29,1,0,1,0,1,0,0,340,2803,rejected
0,18.83,0.415,0,1,0,0,1,0,0,0,0,0,0,0,1,0,0,0,0,0,0,0,1,0,0,0,0,0,0,0,0,0.165,1,0,1,0,1,0,0,200,1,rejected
1,21.75,1.75,0,1,0,0,1,0,0,0,0,0,0,0,0,0,0,0,0,0,0,1,0,0,0,0,1,0,0,0,0,0,1,1,0,0,1,0,0,160,0,rejected
0,23,0.75,1,0,0,1,0,0,0,0,1,0,0,0,0,0,0,0,0,0,0,0,1,0,0,0,0,0,0,0,0,0.5,1,1,0,1,0,1,0,320,0,rejected
1,18.25,10,1,0,0,1,0,0,1,0,0,0,0,0,0,0,0,0,0,0,0,0,1,0,0,0,0,0,0,0,0,1,1,0,1,0,1,0,0,120,1,rejected
0,25.42,0.54,1,0,0,1,0,0,1,0,0,0,0,0,0,0,0,0,0,0,0,0,1,0,0,0,0,0,0,0,0,0.165,1,0,1,0,1,0,0,272,444,rejected
0,35.75,2.415,1,0,0,1,0,0,1,0,0,0,0,0,0,0,0,0,0,0,0,0,1,0,0,0,0,0,0,0,0,0.125,1,0,2,0,1,0,0,220,1,rejected
1,16.08,0.335,1,0,0,1,0,0,0,0,0,0,0,0,0,0,0,0,0,0,1,0,0,0,0,1,0,0,0,0,0,0,1,0,1,0,1,0,0,160,126,rejected
1,31.92,3.125,1,0,0,1,0,0,0,0,0,0,0,0,0,0,0,0,0,0,1,0,0,0,0,1,0,0,0,0,0,3.04,1,0,2,1,1,0,0,200,4,rejected
0,69.17,9,1,0,0,1,0,0,0,0,0,0,0,0,0,0,0,0,0,0,1,0,0,0,0,1,0,0,0,0,0,4,1,0,1,0,1,0,0,70,6,rejected
0,32.92,2.5,1,0,0,1,0,0,0,0,0,0,0,0,0,0,0,0,0,1,0,0,1,0,0,0,0,0,0,0,0,1.75,1,0,2,1,1,0,0,720,0,rejected
0,16.33,2.75,1,0,0,1,0,0,0,0,0,0,0,0,0,0,0,0,0,1,0,0,1,0,0,0,0,0,0,0,0,0.665,1,0,1,0,1,0,0,80,21,rejected
0,22.17,12.125,1,0,0,1,0,0,0,0,0,0,0,0,1,0,0,0,0,0,0,0,1,0,0,0,0,0,0,0,0,3.335,1,0,2,1,1,0,0,180,173,rejected
1,57.58,2,1,0,0,1,0,0,0,0,0,0,0,0,0,0,0,0,0,0,1,0,0,0,0,1,0,0,0,0,0,6.5,1,0,1,0,1,0,0,0,10,rejected
0,18.25,0.165,1,0,0,1,0,0,0,0,0,0,0,0,0,1,0,0,0,0,0,0,1,0,0,0,0,0,0,0,0,0.25,1,1,0,1,0,1,0,280,0,rejected
0,23.42,1,1,0,0,1,0,0,0,0,0,0,0,0,1,0,0,0,0,0,0,0,1,0,0,0,0,0,0,0,0,0.5,1,1,0,1,0,1,0,280,0,rejected
1,15.92,2.875,1,0,0,1,0,0,0,1,0,0,0,0,0,0,0,0,0,0,0,0,1,0,0,0,0,0,0,0,0,0.085,1,1,0,0,1,0,0,120,0,rejected
1,24.75,13.665,1,0,0,1,0,0,0,1,0,0,0,0,0,0,0,0,0,0,0,0,0,1,0,0,0,0,0,0,0,1.5,1,1,0,0,1,0,0,280,1,rejected
0,48.75,26.335,0,1,0,0,1,0,0,0,0,0,0,0,0,0,0,0,0,0,1,0,0,0,0,1,0,0,0,0,0,0,0,1,0,1,1,0,0,0,0,rejected
0,23.5,2.75,1,0,0,1,0,0,0,0,0,0,0,0,0,0,0,0,0,0,1,0,0,0,0,1,0,0,0,0,0,4.5,1,1,0,0,1,0,0,160,25,rejected
0,18.58,10.29,1,0,0,1,0,0,0,0,0,0,0,0,0,0,0,0,0,0,1,0,0,0,0,1,0,0,0,0,0,0.415,1,1,0,0,1,0,0,80,0,rejected
0,27.75,1.29,1,0,0,1,0,0,0,0,0,0,0,1,0,0,0,0,0,0,0,0,0,1,0,0,0,0,0,0,0,0.25,1,1,0,1,0,1,0,140,0,rejected
1,31.75,3,0,1,0,0,1,0,0,0,0,0,0,0,0,0,0,0,0,0,0,1,0,0,0,0,1,0,0,0,0,0,1,1,0,0,1,0,0,160,20,rejected
1,24.83,4.5,1,0,0,1,0,0,1,0,0,0,0,0,0,0,0,0,0,0,0,0,1,0,0,0,0,0,0,0,0,1,1,1,0,1,1,0,0,360,6,rejected
0,19,1.75,0,1,0,0,1,0,0,0,0,0,0,0,1,0,0,0,0,0,0,0,1,0,0,0,0,0,0,0,0,2.335,1,1,0,1,1,0,0,112,6,rejected
1,16.33,0.21,1,0,0,1,0,0,0,0,0,0,0,0,0,0,0,0,0,1,0,0,1,0,0,0,0,0,0,0,0,0.125,1,1,0,0,1,0,0,200,1,rejected
1,18.58,10,1,0,0,1,0,0,0,0,0,0,0,0,0,1,0,0,0,0,0,0,1,0,0,0,0,0,0,0,0,0.415,1,1,0,0,1,0,0,80,42,rejected
0,16.25,0,0,1,0,0,1,0,0,0,0,0,0,0,0,0,0,0,0,1,0,0,1,0,0,0,0,0,0,0,0,0.25,1,1,0,0,1,0,0,60,0,rejected
0,23,0.75,1,0,0,1,0,0,0,0,1,0,0,0,0,0,0,0,0,0,0,0,1,0,0,0,0,0,0,0,0,0.5,0,1,0,1,0,1,0,320,0,rejected
0,21.17,0.25,0,1,0,0,1,0,0,0,0,0,0,0,1,0,0,0,0,0,0,0,0,1,0,0,0,0,0,0,0,0.25,1,1,0,0,1,0,0,280,204,rejected
0,17.5,22,0,0,1,0,0,1,0,0,0,0,0,0,0,0,0,0,0,0,1,0,0,0,0,0,0,0,1,0,0,0,1,1,0,1,0,0,1,450,100000,approved
0,19.17,0,0,1,0,0,1,0,0,0,1,0,0,0,0,0,0,0,0,0,0,0,0,0,1,0,0,0,0,0,0,0,1,1,0,1,0,1,0,500,1,approved
0,36.75,0.125,0,1,0,0,1,0,0,0,0,0,0,0,1,0,0,0,0,0,0,0,1,0,0,0,0,0,0,0,0,1.5,1,1,0,1,1,0,0,232,113,approved
0,21.25,1.5,1,0,0,1,0,0,1,0,0,0,0,0,0,0,0,0,0,0,0,0,1,0,0,0,0,0,0,0,0,1.5,1,1,0,0,1,0,0,150,8,approved
1,18.08,0.375,0,0,1,0,0,1,0,0,0,0,1,0,0,0,0,0,0,0,0,0,0,0,0,1,0,0,0,0,0,10,1,1,0,1,0,1,0,300,0,approved
1,33.67,0.375,1,0,0,1,0,0,0,0,0,0,1,0,0,0,0,0,0,0,0,0,1,0,0,0,0,0,0,0,0,0.375,1,1,0,0,1,0,0,300,44,approved
0,48.58,0.205,0,1,0,0,1,0,0,0,0,0,0,1,0,0,0,0,0,0,0,0,1,0,0,0,0,0,0,0,0,0.25,0,0,11,0,1,0,0,380,2732,approved
0,33.67,1.25,1,0,0,1,0,0,1,0,0,0,0,0,0,0,0,0,0,0,0,0,1,0,0,0,0,0,0,0,0,1.165,1,1,0,0,1,0,0,120,0,rejected
1,29.5,1.085,0,1,0,0,1,0,0,0,0,0,0,0,0,0,1,0,0,0,0,0,1,0,0,0,0,0,0,0,0,1,1,1,0,0,1,0,0,280,13,rejected
0,30.17,1.085,0,1,0,0,1,0,0,0,0,0,0,0,1,0,0,0,0,0,0,0,1,0,0,0,0,0,0,0,0,0.04,1,1,0,0,1,0,0,170,179,rejected
0,40.83,3.5,1,0,0,1,0,0,0,0,0,0,0,0,0,0,0,1,0,0,0,0,0,0,1,0,0,0,0,0,0,0.5,1,1,0,0,0,1,0,1160,0,rejected
0,34.83,2.5,0,1,0,0,1,0,1,0,0,0,0,0,0,0,0,0,0,0,0,0,1,0,0,0,0,0,0,0,0,3,1,1,0,0,0,1,0,200,0,rejected
0,31.568171,4,0,1,0,0,1,0,0,0,0,0,0,0,0,0,0,1,0,0,0,0,1,0,0,0,0,0,0,0,0,0.085,1,1,0,1,1,0,0,411,0,rejected
0,20.42,0,1,0,0,1,0,0,0,0,0,0,0,0,1,0,0,0,0,0,0,0,1,0,0,0,0,0,0,0,0,0,1,1,0,0,0,0,1,184.014771,0,rejected
1,33.25,2.5,0,1,0,0,1,0,0,0,0,0,0,0,1,0,0,0,0,0,0,0,1,0,0,0,0,0,0,0,0,2.5,1,1,0,1,1,0,0,0,2,rejected
0,34.08,2.5,1,0,0,1,0,0,0,0,0,0,0,0,1,0,0,0,0,0,0,0,1,0,0,0,0,0,0,0,0,1,1,1,0,0,1,0,0,460,16,rejected
1,25.25,12.5,1,0,0,1,0,0,0,0,0,0,0,0,0,1,0,0,0,0,0,0,1,0,0,0,0,0,0,0,0,1,1,1,0,1,1,0,0,180,1062,rejected
0,34.75,2.5,1,0,0,1,0,0,0,0,0,0,1,0,0,0,0,0,0,0,0,0,0,0,1,0,0,0,0,0,0,0.5,1,1,0,0,1,0,0,348,0,rejected
0,27.67,0.75,1,0,0,1,0,0,0,1,0,0,0,0,0,0,0,0,0,0,0,0,0,1,0,0,0,0,0,0,0,0.165,1,1,0,1,1,0,0,220,251,rejected
0,47.33,6.5,1,0,0,1,0,0,0,0,0,0,0,0,1,0,0,0,0,0,0,0,1,0,0,0,0,0,0,0,0,1,1,1,0,1,1,0,0,0,228,rejected
1,34.83,1.25,0,1,0,0,1,0,0,0,0,0,0,0,0,0,0,1,0,0,0,0,0,1,0,0,0,0,0,0,0,0.5,1,1,0,1,1,0,0,160,0,rejected
1,33.25,3,0,1,0,0,1,0,0,0,0,0,0,0,0,0,0,0,0,1,0,0,1,0,0,0,0,0,0,0,0,2,1,1,0,0,1,0,0,180,0,rejected
0,28,3,1,0,0,1,0,0,1,0,0,0,0,0,0,0,0,0,0,0,0,0,1,0,0,0,0,0,0,0,0,0.75,1,1,0,1,1,0,0,300,67,rejected
1,39.08,4,1,0,0,1,0,0,0,0,0,0,0,0,1,0,0,0,0,0,0,0,1,0,0,0,0,0,0,0,0,3,1,1,0,0,1,0,0,480,0,rejected
0,42.75,4.085,1,0,0,1,0,0,0,0,0,0,0,0,0,0,0,0,0,1,0,0,1,0,0,0,0,0,0,0,0,0.04,1,1,0,0,1,0,0,108,100,rejected
0,26.92,2.25,1,0,0,1,0,0,0,0,0,0,0,0,0,0,0,1,0,0,0,0,0,0,1,0,0,0,0,0,0,0.5,1,1,0,1,1,0,0,640,4000,rejected
0,33.75,2.75,1,0,0,1,0,0,0,0,0,0,0,0,0,0,0,1,0,0,0,0,0,0,1,0,0,0,0,0,0,0,1,1,0,0,1,0,0,180,0,rejected
0,38.92,1.75,1,0,0,1,0,0,0,0,0,0,0,1,0,0,0,0,0,0,0,0,1,0,0,0,0,0,0,0,0,0.5,1,1,0,1,1,0,0,300,2,rejected
0,62.75,7,1,0,0,1,0,0,0,0,0,0,0,0,0,0,0,0,1,0,0,0,0,0,0,0,0,1,0,0,0,0,1,1,0,0,1,0,0,0,12,rejected
0,32.25,1.5,1,0,0,1,0,0,0,0,0,0,0,0,1,0,0,0,0,0,0,0,1,0,0,0,0,0,0,0,0,0.25,1,1,0,1,1,0,0,372,122,rejected
0,26.75,4.5,0,1,0,0,1,0,0,0,0,0,0,0,1,0,0,0,0,0,0,0,0,0,1,0,0,0,0,0,0,2.5,1,1,0,0,1,0,0,200,1210,rejected
0,63.33,0.54,1,0,0,1,0,0,0,0,0,0,0,0,1,0,0,0,0,0,0,0,1,0,0,0,0,0,0,0,0,0.585,0,0,3,1,1,0,0,180,0,rejected
0,27.83,1.5,1,0,0,1,0,0,1,0,0,0,0,0,0,0,0,0,0,0,0,0,1,0,0,0,0,0,0,0,0,2.25,1,0,1,1,1,0,0,100,3,rejected
1,26.17,2,1,0,0,1,0,0,0,0,0,0,0,0,0,0,0,0,0,0,0,1,0,0,0,0,1,0,0,0,0,0,1,1,0,1,1,0,0,276,1,rejected
0,22.17,0.585,0,1,0,0,1,0,0,0,0,0,0,0,0,0,0,0,0,0,1,0,0,0,0,1,0,0,0,0,0,0,1,1,0,0,1,0,0,100,0,rejected
0,22.5,11.5,0,1,0,0,1,0,0,0,1,0,0,0,0,0,0,0,0,0,0,0,1,0,0,0,0,0,0,0,0,1.5,1,1,0,1,1,0,0,0,4000,rejected
0,30.75,1.585,1,0,0,1,0,0,0,0,0,0,0,0,0,1,0,0,0,0,0,0,1,0,0,0,0,0,0,0,0,0.585,1,1,0,1,0,1,0,0,0,rejected
0,36.67,2,1,0,0,1,0,0,0,0,0,0,0,0,0,0,0,1,0,0,0,0,1,0,0,0,0,0,0,0,0,0.25,1,1,0,1,1,0,0,221,0,rejected
1,16,0.165,1,0,0,1,0,0,0,0,0,0,0,0,0,0,0,0,0,1,0,0,1,0,0,0,0,0,0,0,0,1,1,0,2,1,1,0,0,320,1,rejected
0,41.17,1.335,1,0,0,1,0,0,0,0,0,0,0,0,0,1,0,0,0,0,0,0,1,0,0,0,0,0,0,0,0,0.165,1,1,0,0,1,0,0,168,0,rejected
1,19.5,0.165,1,0,0,1,0,0,0,1,0,0,0,0,0,0,0,0,0,0,0,0,1,0,0,0,0,0,0,0,0,0.04,1,1,0,1,1,0,0,380,0,rejected
0,32.42,3,1,0,0,1,0,0,0,0,0,0,0,0,0,1,0,0,0,0,0,0,1,0,0,0,0,0,0,0,0,0.165,1,1,0,1,1,0,0,120,0,rejected
1,36.75,4.71,1,0,0,1,0,0,0,0,0,0,0,0,0,0,0,0,0,0,1,0,0,0,0,1,0,0,0,0,0,0,1,1,0,0,1,0,0,160,0,rejected
1,30.25,5.5,1,0,0,1,0,0,0,0,0,0,0,1,0,0,0,0,0,0,0,0,1,0,0,0,0,0,0,0,0,5.5,1,1,0,1,0,1,0,100,0,rejected
0,23.08,2.5,1,0,0,1,0,0,0,0,0,0,0,0,0,0,0,0,0,0,1,0,0,0,0,1,0,0,0,0,0,0.085,1,1,0,1,1,0,0,100,4208,rejected
0,26.83,0.54,1,0,0,1,0,0,0,0,0,0,0,1,0,0,0,0,0,0,0,0,0,0,0,1,0,0,0,0,0,0,1,1,0,0,1,0,0,100,0,rejected
0,16.92,0.335,0,1,0,0,1,0,0,0,0,0,0,1,0,0,0,0,0,0,0,0,1,0,0,0,0,0,0,0,0,0.29,1,1,0,0,0,1,0,200,0,rejected
0,24.42,2,1,0,0,1,0,0,0,0,0,0,0,0,0,0,0,0,1,0,0,0,0,0,0,0,0,0,0,1,0,0.165,1,0,2,0,1,0,0,320,1300,rejected
0,42.83,1.25,1,0,0,1,0,0,0,0,1,0,0,0,0,0,0,0,0,0,0,0,1,0,0,0,0,0,0,0,0,13.875,1,0,1,1,1,0,0,352,112,rejected
1,22.75,6.165,1,0,0,1,0,0,0,0,0,0,0,0,0,0,0,0,0,1,0,0,1,0,0,0,0,0,0,0,0,0.165,1,1,0,0,1,0,0,220,1000,rejected
0,39.42,1.71,0,1,0,0,1,0,0,0,1,0,0,0,0,0,0,0,0,0,0,0,1,0,0,0,0,0,0,0,0,0.165,1,1,0,0,0,1,0,400,0,rejected
1,23.58,11.5,0,1,0,0,1,0,0,0,0,0,0,1,0,0,0,0,0,0,0,0,0,1,0,0,0,0,0,0,0,3,1,1,0,1,1,0,0,20,16,rejected
0,21.42,0.75,0,1,0,0,1,0,0,0,0,1,0,0,0,0,0,0,0,0,0,0,0,0,0,0,0,0,0,0,1,0.75,1,1,0,1,1,0,0,132,2,rejected
0,33,2.5,0,1,0,0,1,0,1,0,0,0,0,0,0,0,0,0,0,0,0,0,1,0,0,0,0,0,0,0,0,7,1,1,0,1,1,0,0,280,0,rejected
0,26.33,13,1,0,0,1,0,0,0,0,0,0,0,0,0,0,0,0,1,0,0,0,0,0,0,0,0,0,0,1,0,0,1,1,0,1,1,0,0,140,1110,rejected
1,45,4.585,1,0,0,1,0,0,0,0,0,0,0,1,0,0,0,0,0,0,0,0,0,1,0,0,0,0,0,0,0,1,1,1,0,1,0,1,0,240,0,rejected
0,26.25,1.54,1,0,0,1,0,0,1,0,0,0,0,0,0,0,0,0,0,0,0,0,1,0,0,0,0,0,0,0,0,0.125,1,1,0,0,1,0,0,100,0,rejected
0,28.17,0.585,1,0,0,1,0,0,0,0,0,0,0,0,0,0,0,0,0,1,0,0,1,0,0,0,0,0,0,0,0,0.04,1,1,0,0,1,0,0,260,1004,rejected
1,20.83,0.5,0,1,0,0,1,0,0,0,0,0,0,0,0,0,0,0,1,0,0,0,0,0,0,0,0,0,0,1,0,1,1,1,0,0,1,0,0,260,0,rejected
0,28.67,14.5,1,0,0,1,0,0,0,0,0,0,0,0,0,1,0,0,0,0,0,0,1,0,0,0,0,0,0,0,0,0.125,1,1,0,0,1,0,0,0,286,rejected
0,20.67,0.835,0,1,0,0,1,0,0,0,0,0,0,0,1,0,0,0,0,0,0,0,1,0,0,0,0,0,0,0,0,2,1,1,0,1,0,1,0,240,0,rejected
0,34.42,1.335,1,0,0,1,0,0,0,0,0,0,0,0,0,0,0,1,0,0,0,0,0,0,1,0,0,0,0,0,0,0.125,1,1,0,1,1,0,0,440,4500,rejected
0,33.58,0.25,1,0,0,1,0,0,0,0,0,0,0,0,0,0,0,1,0,0,0,0,0,0,1,0,0,0,0,0,0,4,1,1,0,1,0,1,0,420,0,rejected
0,43.17,5,1,0,0,1,0,0,0,0,0,0,0,0,0,0,0,1,0,0,0,0,0,0,1,0,0,0,0,0,0,2.25,1,1,0,1,1,0,0,141,0,rejected
1,22.67,7,1,0,0,1,0,0,0,0,0,0,0,0,1,0,0,0,0,0,0,0,1,0,0,0,0,0,0,0,0,0.165,1,1,0,0,1,0,0,160,0,rejected
1,24.33,2.5,0,1,0,0,1,0,0,0,0,0,0,0,0,0,0,1,0,0,0,0,0,0,1,0,0,0,0,0,0,4.5,1,1,0,0,1,0,0,200,456,rejected
1,56.83,4.25,0,1,0,0,1,0,0,0,0,0,0,0,0,0,0,0,0,0,1,0,0,0,0,1,0,0,0,0,0,5,1,1,0,1,1,0,0,0,4,rejected
0,22.08,11.46,1,0,0,1,0,0,0,0,0,0,0,1,0,0,0,0,0,0,0,0,1,0,0,0,0,0,0,0,0,1.585,1,1,0,1,1,0,0,100,1212,rejected
0,34,5.5,0,1,0,0,1,0,0,0,0,0,0,0,1,0,0,0,0,0,0,0,1,0,0,0,0,0,0,0,0,1.5,1,1,0,1,1,0,0,60,0,rejected
0,22.58,1.5,0,1,0,0,1,0,0,0,0,0,0,0,0,0,0,0,0,1,0,0,1,0,0,0,0,0,0,0,0,0.54,1,1,0,1,1,0,0,120,67,rejected
0,21.17,0,1,0,0,1,0,0,0,0,0,0,0,0,1,0,0,0,0,0,0,0,1,0,0,0,0,0,0,0,0,0.5,1,1,0,1,0,1,0,0,0,rejected
0,26.67,14.585,1,0,0,1,0,0,0,0,0,0,0,0,0,0,0,1,0,0,0,0,0,0,1,0,0,0,0,0,0,0,1,1,0,1,1,0,0,178,0,rejected
0,22.92,0.17,1,0,0,1,0,0,0,0,1,0,0,0,0,0,0,0,0,0,0,0,1,0,0,0,0,0,0,0,0,0.085,1,1,0,0,0,1,0,0,0,rejected
0,15.17,7,1,0,0,1,0,0,0,0,0,0,0,0,0,0,0,0,1,0,0,0,1,0,0,0,0,0,0,0,0,1,1,1,0,0,1,0,0,600,0,rejected
0,39.92,5,1,0,0,1,0,0,0,0,0,0,0,0,0,0,0,1,0,0,0,0,0,0,1,0,0,0,0,0,0,0.21,1,1,0,0,1,0,0,550,0,rejected
0,27.42,12.5,1,0,0,1,0,0,0,0,0,0,0,0,0,0,0,0,0,1,0,0,0,0,1,0,0,0,0,0,0,0.25,1,1,0,1,1,0,0,720,0,rejected
0,24.75,0.54,1,0,0,1,0,0,0,0,1,0,0,0,0,0,0,0,0,0,0,0,1,0,0,0,0,0,0,0,0,1,1,1,0,1,1,0,0,120,1,rejected
0,41.17,1.25,0,1,0,0,1,0,1,0,0,0,0,0,0,0,0,0,0,0,0,0,1,0,0,0,0,0,0,0,0,0.25,1,1,0,0,1,0,0,0,195,rejected
1,33.08,1.625,1,0,0,1,0,0,0,0,0,0,0,0,0,1,0,0,0,0,0,0,1,0,0,0,0,0,0,0,0,0.54,1,1,0,1,1,0,0,0,0,rejected
0,29.83,2.04,0,1,0,0,1,0,0,0,0,0,0,0,0,0,1,0,0,0,0,0,0,1,0,0,0,0,0,0,0,0.04,1,1,0,0,1,0,0,128,1,rejected
1,23.58,0.585,0,1,0,0,1,0,0,0,0,0,0,0,0,0,0,0,0,0,1,0,0,0,0,1,0,0,0,0,0,0.125,1,1,0,0,1,0,0,120,87,rejected
0,26.17,12.5,0,1,0,0,1,0,0,0,0,0,0,1,0,0,0,0,0,0,0,0,0,1,0,0,0,0,0,0,0,1.25,1,1,0,1,1,0,0,0,17,rejected
0,31,2.085,1,0,0,1,0,0,0,0,0,0,0,0,1,0,0,0,0,0,0,0,1,0,0,0,0,0,0,0,0,0.085,1,1,0,0,1,0,0,300,0,rejected
0,20.75,5.085,0,1,0,0,1,0,0,0,0,0,0,0,0,0,0,0,0,0,0,1,1,0,0,0,0,0,0,0,0,0.29,1,1,0,0,1,0,0,140,184,rejected
0,28.92,0.375,1,0,0,1,0,0,0,0,0,0,0,0,1,0,0,0,0,0,0,0,1,0,0,0,0,0,0,0,0,0.29,1,1,0,0,1,0,0,220,140,rejected
1,51.92,6.5,1,0,0,1,0,0,0,0,0,0,0,0,0,0,0,1,0,0,0,0,0,0,1,0,0,0,0,0,0,3.085,1,1,0,1,1,0,0,73,0,rejected
1,22.67,0.335,1,0,0,1,0,0,0,1,0,0,0,0,0,0,0,0,0,0,0,0,1,0,0,0,0,0,0,0,0,0.75,1,1,0,0,0,1,0,160,0,rejected
0,34,5.085,0,1,0,0,1,0,0,0,0,0,0,0,0,0,0,1,0,0,0,0,0,0,1,0,0,0,0,0,0,1.085,1,1,0,1,1,0,0,480,0,rejected
1,69.5,6,1,0,0,1,0,0,0,0,0,0,0,0,0,0,0,0,0,0,1,0,0,0,0,1,0,0,0,0,0,0,1,1,0,0,0,1,0,0,0,rejected
1,40.33,8.125,0,1,0,0,1,0,0,0,0,0,0,1,0,0,0,0,0,0,0,0,1,0,0,0,0,0,0,0,0,0.165,1,0,2,0,1,0,0,184.014771,18,rejected
1,19.58,0.665,0,1,0,0,1,0,0,0,0,0,0,0,1,0,0,0,0,0,0,0,1,0,0,0,0,0,0,0,0,1,1,0,1,0,1,0,0,2000,2,rejected
0,16,3.125,1,0,0,1,0,0,1,0,0,0,0,0,0,0,0,0,0,0,0,0,1,0,0,0,0,0,0,0,0,0.085,1,0,1,0,1,0,0,0,6,rejected
0,17.08,0.25,1,0,0,1,0,0,0,1,0,0,0,0,0,0,0,0,0,0,0,0,1,0,0,0,0,0,0,0,0,0.335,1,0,4,0,1,0,0,160,8,rejected
0,31.25,2.835,1,0,0,1,0,0,0,0,0,0,0,0,0,0,0,0,0,0,1,0,0,0,0,1,0,0,0,0,0,0,1,0,5,0,1,0,0,176,146,rejected
0,25.17,3,1,0,0,1,0,0,0,0,0,0,0,0,1,0,0,0,0,0,0,0,1,0,0,0,0,0,0,0,0,1.25,1,0,1,0,1,0,0,0,22,rejected
1,22.67,0.79,1,0,0,1,0,0,0,0,0,0,0,0,0,0,0,1,0,0,0,0,1,0,0,0,0,0,0,0,0,0.085,1,1,0,0,1,0,0,144,0,rejected
0,40.58,1.5,1,0,0,1,0,0,0,0,0,0,0,0,0,0,0,1,0,0,0,0,0,0,1,0,0,0,0,0,0,0,1,1,0,0,0,1,0,300,0,rejected
0,22.25,0.46,1,0,0,1,0,0,0,0,0,0,0,1,0,0,0,0,0,0,0,0,1,0,0,0,0,0,0,0,0,0.125,1,1,0,1,1,0,0,280,55,rejected
1,22.25,1.25,0,1,0,0,1,0,0,0,0,0,0,0,0,0,0,0,0,0,1,0,0,0,0,1,0,0,0,0,0,3.25,1,1,0,0,1,0,0,280,0,rejected
0,22.5,0.125,0,1,0,0,1,0,0,0,0,0,0,1,0,0,0,0,0,0,0,0,1,0,0,0,0,0,0,0,0,0.125,1,1,0,0,1,0,0,200,70,rejected
0,23.58,1.79,1,0,0,1,0,0,0,0,0,0,0,0,1,0,0,0,0,0,0,0,1,0,0,0,0,0,0,0,0,0.54,1,1,0,1,1,0,0,136,1,rejected
0,38.42,0.705,1,0,0,1,0,0,0,0,0,0,0,0,1,0,0,0,0,0,0,0,1,0,0,0,0,0,0,0,0,0.375,1,0,2,0,1,0,0,225,500,rejected
1,26.58,2.54,0,1,0,0,1,0,0,0,0,0,0,0,0,0,0,0,0,0,1,0,0,0,0,1,0,0,0,0,0,0,1,1,0,1,1,0,0,180,60,rejected
0,35,2.5,1,0,0,1,0,0,0,0,0,0,0,0,0,0,0,1,0,0,0,0,1,0,0,0,0,0,0,0,0,1,1,1,0,1,1,0,0,210,0,rejected
0,20.42,1.085,1,0,0,1,0,0,0,1,0,0,0,0,0,0,0,0,0,0,0,0,1,0,0,0,0,0,0,0,0,1.5,1,1,0,0,1,0,0,108,7,rejected
0,29.42,1.25,1,0,0,1,0,0,1,0,0,0,0,0,0,0,0,0,0,0,0,0,1,0,0,0,0,0,0,0,0,1.75,1,1,0,0,1,0,0,200,0,rejected
0,26.17,0.835,1,0,0,1,0,0,0,0,0,0,1,0,0,0,0,0,0,0,0,0,1,0,0,0,0,0,0,0,0,1.165,1,1,0,0,1,0,0,100,0,rejected
0,33.67,2.165,1,0,0,1,0,0,0,0,0,0,0,0,1,0,0,0,0,0,0,0,1,0,0,0,0,0,0,0,0,1.5,1,1,0,0,0,0,1,120,0,rejected
0,24.58,1.25,1,0,0,1,0,0,0,0,0,0,0,0,1,0,0,0,0,0,0,0,1,0,0,0,0,0,0,0,0,0.25,1,1,0,0,1,0,0,110,0,rejected
1,27.67,2.04,1,0,0,1,0,0,1,0,0,0,0,0,0,0,0,0,0,0,0,0,1,0,0,0,0,0,0,0,0,0.25,1,1,0,1,1,0,0,180,50,rejected
0,37.5,0.835,1,0,0,1,0,0,0,0,0,0,0,0,0,0,0,0,1,0,0,0,1,0,0,0,0,0,0,0,0,0.04,1,1,0,0,1,0,0,120,5,rejected
0,49.17,2.29,1,0,0,1,0,0,0,0,0,0,0,0,0,0,0,0,0,0,1,0,0,0,0,1,0,0,0,0,0,0.29,1,1,0,0,1,0,0,200,3,rejected
0,33.58,0.335,0,1,0,0,1,0,0,0,0,0,1,0,0,0,0,0,0,0,0,0,1,0,0,0,0,0,0,0,0,0.085,1,1,0,0,1,0,0,180,0,rejected
0,51.83,3,0,1,0,0,1,0,0,0,0,0,0,0,0,0,0,0,0,0,1,0,0,0,0,1,0,0,0,0,0,1.5,1,1,0,0,1,0,0,180,4,rejected
0,22.92,3.165,0,1,0,0,1,0,0,0,0,0,0,0,1,0,0,0,0,0,0,0,1,0,0,0,0,0,0,0,0,0.165,1,1,0,0,1,0,0,160,1058,rejected
0,21.83,1.54,1,0,0,1,0,0,0,0,0,0,0,1,0,0,0,0,0,0,0,0,1,0,0,0,0,0,0,0,0,0.085,1,1,0,1,1,0,0,356,0,rejected
0,25.25,1,1,0,0,1,0,0,0,0,0,0,0,0,0,0,0,0,0,1,0,0,1,0,0,0,0,0,0,0,0,0.5,1,1,0,0,1,0,0,200,0,rejected
0,58.58,2.71,1,0,0,1,0,0,0,0,0,0,0,0,1,0,0,0,0,0,0,0,1,0,0,0,0,0,0,0,0,2.415,1,1,0,1,1,0,0,320,0,rejected
0,19,0,0,1,0,0,1,0,0,0,0,0,0,0,0,0,0,0,0,0,1,0,0,0,0,1,0,0,0,0,0,0,1,0,4,0,1,0,0,45,1,rejected
0,19.58,0.585,1,0,0,1,0,0,0,0,0,0,0,0,0,0,0,0,0,0,1,0,0,0,0,1,0,0,0,0,0,0,1,0,3,0,1,0,0,350,769,rejected
1,53.33,0.165,1,0,0,1,0,0,0,0,0,0,0,0,0,0,0,0,0,0,1,0,0,0,0,1,0,0,0,0,0,0,1,1,0,1,0,1,0,62,27,rejected
1,27.17,1.25,1,0,0,1,0,0,0,0,0,0,0,0,0,0,0,0,0,0,1,0,0,0,0,1,0,0,0,0,0,0,1,0,1,0,1,0,0,92,300,rejected
0,25.92,0.875,1,0,0,1,0,0,0,0,0,0,0,1,0,0,0,0,0,0,0,0,1,0,0,0,0,0,0,0,0,0.375,1,0,2,1,1,0,0,174,3,rejected
0,23.08,0,1,0,0,1,0,0,0,0,0,0,0,1,0,0,0,0,0,0,0,0,1,0,0,0,0,0,0,0,0,1,1,0,11,0,0,1,0,0,0,rejected
0,39.58,5,1,0,0,1,0,0,0,0,0,0,0,0,0,0,0,0,0,0,1,0,0,0,0,1,0,0,0,0,0,0,1,0,2,0,1,0,0,17,1,rejected
0,30.58,2.71,0,1,0,0,1,0,0,0,1,0,0,0,0,0,0,0,0,0,0,0,1,0,0,0,0,0,0,0,0,0.125,1,1,0,1,0,1,0,80,0,rejected
0,17.25,3,1,0,0,1,0,0,0,0,0,0,0,1,0,0,0,0,0,0,0,0,1,0,0,0,0,0,0,0,0,0.04,1,1,0,1,1,0,0,160,40,rejected
1,17.67,0,0,1,0,0,1,0,0,0,0,0,0,0,0,0,0,0,0,0,0,1,0,0,0,1,0,0,0,0,0,0,1,1,0,0,1,0,0,86,0,rejected
1,31.568171,11.25,1,0,0,1,0,0,0,0,0,0,0,0,0,0,0,0,0,0,1,0,0,0,0,1,0,0,0,0,0,0,1,1,0,0,1,0,0,184.014771,5200,rejected
0,16.5,0.125,1,0,0,1,0,0,0,0,0,0,0,0,1,0,0,0,0,0,0,0,1,0,0,0,0,0,0,0,0,0.165,1,1,0,0,1,0,0,132,0,rejected
1,27.33,1.665,1,0,0,1,0,0,0,0,0,0,0,0,0,0,0,0,0,0,1,0,0,0,0,1,0,0,0,0,0,0,1,1,0,0,1,0,0,340,1,rejected
0,31.25,1.125,1,0,0,1,0,0,0,0,0,0,0,0,0,0,0,0,0,0,1,0,0,0,0,1,0,0,0,0,0,0,1,0,1,0,1,0,0,96,19,rejected
0,20,7,1,0,0,1,0,0,0,0,0,0,0,0,1,0,0,0,0,0,0,0,1,0,0,0,0,0,0,0,0,0.5,1,1,0,0,1,0,0,0,0,rejected
0,31.568171,3,0,1,0,0,1,0,0,0,0,0,0,0,0,0,0,1,0,0,0,0,0,0,1,0,0,0,0,0,0,7,1,1,0,0,1,0,0,0,1,rejected
0,39.5,1.625,1,0,0,1,0,0,0,0,0,0,0,0,1,0,0,0,0,0,0,0,1,0,0,0,0,0,0,0,0,1.5,1,1,0,0,1,0,0,0,316,rejected
0,36.5,4.25,1,0,0,1,0,0,0,1,0,0,0,0,0,0,0,0,0,0,0,0,1,0,0,0,0,0,0,0,0,3.5,1,1,0,0,1,0,0,454,50,rejected
0,29.75,0.665,1,0,0,1,0,0,1,0,0,0,0,0,0,0,0,0,0,0,0,0,1,0,0,0,0,0,0,0,0,0.25,1,1,0,1,1,0,0,300,0,rejected
0,52.42,1.5,1,0,0,1,0,0,0,0,0,0,0,0,0,1,0,0,0,0,0,0,1,0,0,0,0,0,0,0,0,3.75,1,1,0,1,1,0,0,0,350,rejected
0,36.17,18.125,1,0,0,1,0,0,1,0,0,0,0,0,0,0,0,0,0,0,0,0,1,0,0,0,0,0,0,0,0,0.085,1,1,0,0,1,0,0,320,3552,rejected
0,34.58,0,1,0,0,1,0,0,0,0,0,0,0,0,1,0,0,0,0,0,0,0,1,0,0,0,0,0,0,0,0,0,1,1,0,0,0,0,1,184.014771,0,rejected
0,29.67,0.75,0,1,0,0,1,0,0,0,0,0,0,0,1,0,0,0,0,0,0,0,1,0,0,0,0,0,0,0,0,0.04,1,1,0,0,1,0,0,240,0,rejected
0,36.17,5.5,1,0,0,1,0,0,0,0,0,0,0,0,0,0,0,1,0,0,0,0,0,0,1,0,0,0,0,0,0,5,1,1,0,0,1,0,0,210,687,rejected
0,25.67,0.29,0,1,0,0,1,0,0,0,0,0,0,0,1,0,0,0,0,0,0,0,1,0,0,0,0,0,0,0,0,1.5,1,1,0,1,1,0,0,160,0,rejected
1,24.5,2.415,0,1,0,0,1,0,0,0,0,0,0,0,1,0,0,0,0,0,0,0,1,0,0,0,0,0,0,0,0,0,1,1,0,0,1,0,0,120,0,rejected
0,24.08,0.875,1,0,0,1,0,0,0,0,1,0,0,0,0,0,0,0,0,0,0,0,1,0,0,0,0,0,0,0,0,0.085,1,0,4,0,1,0,0,254,1950,rejected
0,21.92,0.5,1,0,0,1,0,0,0,0,0,0,0,0,1,0,0,0,0,0,0,0,1,0,0,0,0,0,0,0,0,0.125,1,1,0,0,1,0,0,360,0,rejected
1,36.58,0.29,1,0,0,1,0,0,0,0,0,0,0,0,0,0,0,0,0,0,1,0,0,0,0,1,0,0,0,0,0,0,1,0,10,0,1,0,0,200,18,rejected
1,23,1.835,1,0,0,1,0,0,0,0,0,0,0,0,0,0,0,0,0,0,0,1,0,0,0,0,1,0,0,0,0,0,1,0,1,0,1,0,0,200,53,rejected
1,27.58,3,1,0,0,1,0,0,0,0,1,0,0,0,0,0,0,0,0,0,0,0,1,0,0,0,0,0,0,0,0,2.79,1,0,1,1,1,0,0,280,10,rejected
0,31.08,3.085,1,0,0,1,0,0,0,0,0,0,0,0,1,0,0,0,0,0,0,0,1,0,0,0,0,0,0,0,0,2.5,1,0,2,1,1,0,0,160,41,rejected
1,30.42,1.375,1,0,0,1,0,0,1,0,0,0,0,0,0,0,0,0,0,0,0,0,0,1,0,0,0,0,0,0,0,0.04,1,0,3,0,1,0,0,0,33,rejected
0,22.08,2.335,1,0,0,1,0,0,0,0,0,0,0,1,0,0,0,0,0,0,0,0,1,0,0,0,0,0,0,0,0,0.75,1,1,0,0,1,0,0,180,0,rejected
0,16.33,4.085,1,0,0,1,0,0,0,0,0,0,0,0,0,0,0,1,0,0,0,0,0,1,0,0,0,0,0,0,0,0.415,1,1,0,1,1,0,0,120,0,rejected
1,21.92,11.665,1,0,0,1,0,0,0,0,0,0,0,1,0,0,0,0,0,0,0,0,0,1,0,0,0,0,0,0,0,0.085,1,1,0,0,1,0,0,320,5,rejected
0,21.08,4.125,0,1,0,0,1,0,0,0,0,0,0,0,0,0,0,1,0,0,0,0,0,1,0,0,0,0,0,0,0,0.04,1,1,0,0,1,0,0,140,100,rejected
0,17.42,6.5,1,0,0,1,0,0,0,0,0,0,0,0,0,0,0,1,0,0,0,0,1,0,0,0,0,0,0,0,0,0.125,1,1,0,0,1,0,0,60,100,rejected
0,19.17,4,0,1,0,0,1,0,0,0,0,0,0,0,0,0,0,1,0,0,0,0,1,0,0,0,0,0,0,0,0,1,1,1,0,1,1,0,0,360,1000,rejected
0,20.67,0.415,1,0,0,1,0,0,0,0,0,0,0,0,1,0,0,0,0,0,0,0,1,0,0,0,0,0,0,0,0,0.125,1,1,0,0,1,0,0,0,44,rejected
0,26.75,2,1,0,0,1,0,0,0,0,0,0,0,0,0,1,0,0,0,0,0,0,1,0,0,0,0,0,0,0,0,0.75,1,1,0,1,1,0,0,80,0,rejected
0,23.58,0.835,1,0,0,1,0,0,0,0,0,0,0,0,0,0,0,1,0,0,0,0,0,1,0,0,0,0,0,0,0,0.085,1,1,0,1,1,0,0,220,5,rejected
0,39.17,2.5,0,1,0,0,1,0,0,0,0,0,0,0,0,0,0,1,0,0,0,0,0,1,0,0,0,0,0,0,0,10,1,1,0,1,0,1,0,200,0,rejected
0,22.75,11.5,1,0,0,1,0,0,0,0,0,0,0,0,0,0,0,1,0,0,0,0,1,0,0,0,0,0,0,0,0,0.415,1,1,0,0,1,0,0,0,0,rejected
0,26.5,2.71,0,1,0,0,1,0,0,0,0,0,0,0,1,0,0,0,0,0,0,0,1,0,0,0,0,0,0,0,0,0.085,1,1,0,0,0,1,0,80,0,rejected
1,16.92,0.5,1,0,0,1,0,0,0,0,0,0,0,0,0,0,0,1,0,0,0,0,1,0,0,0,0,0,0,0,0,0.165,1,0,6,1,1,0,0,240,35,rejected
0,23.5,3.165,0,1,0,0,1,0,0,0,0,0,0,1,0,0,0,0,0,0,0,0,1,0,0,0,0,0,0,0,0,0.415,1,0,1,1,1,0,0,280,80,rejected
1,17.33,9.5,1,0,0,1,0,0,0,0,0,0,0,0,0,0,0,0,0,1,0,0,1,0,0,0,0,0,0,0,0,1.75,1,0,10,1,1,0,0,0,10,rejected
0,23.75,0.415,0,1,0,0,1,0,0,0,0,0,0,0,1,0,0,0,0,0,0,0,1,0,0,0,0,0,0,0,0,0.04,1,0,2,0,1,0,0,128,6,rejected
0,34.67,1.08,1,0,0,1,0,0,0,0,1,0,0,0,0,0,0,0,0,0,0,0,1,0,0,0,0,0,0,0,0,1.165,1,1,0,0,0,1,0,28,0,rejected
0,74.83,19,0,1,0,0,1,0,0,0,0,0,0,0,0,0,0,0,0,0,1,0,0,0,0,1,0,0,0,0,0,0.04,1,0,2,0,1,0,0,0,351,rejected
0,28.17,0.125,0,1,0,0,1,0,0,0,0,0,0,1,0,0,0,0,0,0,0,0,1,0,0,0,0,0,0,0,0,0.085,1,1,0,0,1,0,0,216,2100,rejected
0,24.5,13.335,0,1,0,0,1,0,0,0,0,0,0,0,0,0,0,0,0,1,0,0,1,0,0,0,0,0,0,0,0,0.04,1,1,0,1,1,0,0,120,475,rejected
0,18.83,3.54,0,1,0,0,1,0,0,0,0,0,0,0,0,0,0,0,0,0,1,0,0,0,0,1,0,0,0,0,0,0,1,1,0,1,1,0,0,180,1,rejected
0,45.33,1,1,0,0,1,0,0,0,1,0,0,0,0,0,0,0,0,0,0,0,0,1,0,0,0,0,0,0,0,0,0.125,1,1,0,1,1,0,0,263,0,rejected
1,47.25,0.75,1,0,0,1,0,0,0,1,0,0,0,0,0,0,0,0,0,0,0,0,0,1,0,0,0,0,0,0,0,2.75,0,0,1,0,1,0,0,333,892,approved
0,24.17,0.875,1,0,0,1,0,0,0,1,0,0,0,0,0,0,0,0,0,0,0,0,1,0,0,0,0,0,0,0,0,4.625,0,0,2,1,1,0,0,520,2000,approved
0,39.25,9.5,1,0,0,1,0,0,0,0,1,0,0,0,0,0,0,0,0,0,0,0,1,0,0,0,0,0,0,0,0,6.5,0,0,14,0,1,0,0,240,4607,approved
1,20.5,11.835,1,0,0,1,0,0,0,0,0,0,0,0,1,0,0,0,0,0,0,0,0,1,0,0,0,0,0,0,0,6,0,1,0,0,1,0,0,340,0,approved
1,18.83,4.415,0,1,0,0,1,0,0,0,0,0,0,0,1,0,0,0,0,0,0,0,0,1,0,0,0,0,0,0,0,3,0,1,0,0,1,0,0,240,0,approved
0,19.17,9.5,1,0,0,1,0,0,1,0,0,0,0,0,0,0,0,0,0,0,0,0,1,0,0,0,0,0,0,0,0,1.5,0,1,0,0,1,0,0,120,2206,approved
1,25,0.875,1,0,0,1,0,0,0,0,0,0,0,0,0,0,1,0,0,0,0,0,0,1,0,0,0,0,0,0,0,1.04,0,1,0,1,1,0,0,160,5860,approved
0,20.17,9.25,1,0,0,1,0,0,0,0,0,0,0,0,1,0,0,0,0,0,0,0,1,0,0,0,0,0,0,0,0,1.665,0,0,3,1,1,0,0,40,28,approved
0,25.75,0.5,1,0,0,1,0,0,0,0,0,0,0,0,1,0,0,0,0,0,0,0,1,0,0,0,0,0,0,0,0,1.46,0,0,5,1,1,0,0,312,0,approved
0,20.42,7,1,0,0,1,0,0,0,0,0,0,0,0,1,0,0,0,0,0,0,0,1,0,0,0,0,0,0,0,0,1.625,0,0,3,0,1,0,0,200,1391,approved
0,31.568171,4,1,0,0,1,0,0,0,0,0,0,0,0,0,0,1,0,0,0,0,0,1,0,0,0,0,0,0,0,0,5,0,0,3,1,1,0,0,290,2279,approved
0,39,5,1,0,0,1,0,0,0,0,0,0,1,0,0,0,0,0,0,0,0,0,1,0,0,0,0,0,0,0,0,3.5,0,0,10,1,1,0,0,0,0,approved
1,64.08,0.165,1,0,0,1,0,0,0,0,0,0,0,0,0,0,0,0,0,0,1,0,0,0,0,1,0,0,0,0,0,0,0,0,1,0,1,0,0,232,100,approved
0,28.25,5.125,1,0,0,1,0,0,0,0,0,0,0,0,0,0,1,0,0,0,0,0,1,0,0,0,0,0,0,0,0,4.75,0,0,2,0,1,0,0,420,7,approved
1,28.75,3.75,1,0,0,1,0,0,0,0,0,0,0,0,1,0,0,0,0,0,0,0,1,0,0,0,0,0,0,0,0,1.085,0,0,1,1,1,0,0,371,0,approved
0,31.33,19.5,1,0,0,1,0,0,0,0,0,0,0,0,1,0,0,0,0,0,0,0,1,0,0,0,0,0,0,0,0,7,0,0,16,0,1,0,0,0,5000,approved
1,18.92,9,1,0,0,1,0,0,0,0,0,0,0,0,0,0,0,0,0,1,0,0,1,0,0,0,0,0,0,0,0,0.75,0,0,2,0,1,0,0,88,591,approved
1,24.75,3,1,0,0,1,0,0,0,1,0,0,0,0,0,0,0,0,0,0,0,0,0,1,0,0,0,0,0,0,0,1.835,0,0,19,0,1,0,0,0,500,approved
1,30.67,12,1,0,0,1,0,0,0,0,0,0,0,0,1,0,0,0,0,0,0,0,1,0,0,0,0,0,0,0,0,2,0,0,1,0,1,0,0,220,19,approved
0,21,4.79,0,1,0,0,1,0,1,0,0,0,0,0,0,0,0,0,0,0,0,0,1,0,0,0,0,0,0,0,0,2.25,0,0,1,1,1,0,0,80,300,approved
0,13.75,4,0,1,0,0,1,0,1,0,0,0,0,0,0,0,0,0,0,0,0,0,1,0,0,0,0,0,0,0,0,1.75,0,0,2,1,1,0,0,120,1000,approved
1,46,4,1,0,0,1,0,0,0,0,0,0,0,0,0,0,0,0,0,0,0,1,0,0,0,0,1,0,0,0,0,0,0,1,0,0,1,0,0,100,960,approved
1,44.33,0,1,0,0,1,0,0,0,0,0,0,0,0,1,0,0,0,0,0,0,0,1,0,0,0,0,0,0,0,0,2.5,0,1,0,0,1,0,0,0,0,approved
0,20.25,9.96,1,0,0,1,0,0,0,0,0,0,0,0,0,0,0,0,1,0,0,0,0,0,0,0,0,0,0,1,0,0,0,1,0,0,1,0,0,0,0,approved
0,22.67,2.54,0,1,0,0,1,0,0,0,0,0,0,0,1,0,0,0,0,0,0,0,0,1,0,0,0,0,0,0,0,2.585,0,1,0,0,1,0,0,0,0,approved
0,31.568171,10.5,1,0,0,1,0,0,0,0,0,0,0,0,0,0,1,0,0,0,0,0,1,0,0,0,0,0,0,0,0,6.5,0,1,0,0,1,0,0,0,0,approved
1,60.92,5,1,0,0,1,0,0,0,0,0,0,0,0,0,0,0,0,0,1,0,0,1,0,0,0,0,0,0,0,0,4,0,0,4,0,1,0,0,0,99,approved
0,16.08,0.75,1,0,0,1,0,0,0,0,0,0,0,0,1,0,0,0,0,0,0,0,1,0,0,0,0,0,0,0,0,1.75,0,0,5,1,1,0,0,352,690,approved
1,28.17,0.375,1,0,0,1,0,0,0,1,0,0,0,0,0,0,0,0,0,0,0,0,1,0,0,0,0,0,0,0,0,0.585,0,0,4,0,1,0,0,80,0,approved
0,39.17,1.71,1,0,0,1,0,0,0,0,0,0,0,0,0,0,1,0,0,0,0,0,1,0,0,0,0,0,0,0,0,0.125,0,0,5,1,1,0,0,480,0,approved
0,20.42,7.5,1,0,0,1,0,0,0,0,0,0,0,1,0,0,0,0,0,0,0,0,1,0,0,0,0,0,0,0,0,1.5,0,0,1,0,1,0,0,160,234,approved
1,30,5.29,1,0,0,1,0,0,0,0,0,0,0,0,0,0,0,0,1,0,0,0,0,0,0,0,0,0,0,1,0,2.25,0,0,5,1,1,0,0,99,500,approved
0,22.83,3,1,0,0,1,0,0,0,0,1,0,0,0,0,0,0,0,0,0,0,0,1,0,0,0,0,0,0,0,0,1.29,0,0,1,0,1,0,0,260,800,approved
1,22.5,8.5,1,0,0,1,0,0,0,1,0,0,0,0,0,0,0,0,0,0,0,0,1,0,0,0,0,0,0,0,0,1.75,0,0,10,0,1,0,0,80,990,rejected
1,28.58,1.665,1,0,0,1,0,0,0,1,0,0,0,0,0,0,0,0,0,0,0,0,1,0,0,0,0,0,0,0,0,2.415,0,1,0,1,1,0,0,440,0,rejected
0,45.17,1.5,1,0,0,1,0,0,0,0,0,0,0,0,1,0,0,0,0,0,0,0,1,0,0,0,0,0,0,0,0,2.5,0,1,0,1,1,0,0,140,0,rejected
0,41.58,1.75,1,0,0,1,0,0,0,0,0,0,0,1,0,0,0,0,0,0,0,0,1,0,0,0,0,0,0,0,0,0.21,0,1,0,0,1,0,0,160,0,rejected
1,57.08,0.335,1,0,0,1,0,0,0,0,0,0,0,0,0,0,0,1,0,0,0,0,0,0,1,0,0,0,0,0,0,1,0,1,0,1,1,0,0,252,2197,rejected
1,55.75,7.08,1,0,0,1,0,0,0,0,0,0,0,1,0,0,0,0,0,0,0,0,0,1,0,0,0,0,0,0,0,6.75,0,0,3,1,1,0,0,100,50,rejected
0,43.25,25.21,1,0,0,1,0,0,0,1,0,0,0,0,0,0,0,0,0,0,0,0,0,1,0,0,0,0,0,0,0,0.21,0,0,1,0,1,0,0,760,90,rejected
1,25.33,2.085,1,0,0,1,0,0,0,0,0,0,0,0,1,0,0,0,0,0,0,0,0,1,0,0,0,0,0,0,0,2.75,0,1,0,1,1,0,0,360,1,rejected
1,24.58,0.67,1,0,0,1,0,0,0,0,0,0,0,0,0,0,0,0,0,1,0,0,0,1,0,0,0,0,0,0,0,1.75,0,1,0,0,1,0,0,400,0,rejected
0,43.17,2.25,1,0,0,1,0,0,0,0,0,0,0,0,0,0,0,1,0,0,0,0,0,0,1,0,0,0,0,0,0,0.75,0,1,0,0,1,0,0,560,0,rejected
0,40.92,0.835,1,0,0,1,0,0,0,0,0,0,0,0,0,0,0,0,0,0,1,0,0,0,0,1,0,0,0,0,0,0,0,1,0,0,1,0,0,130,1,rejected
0,31.83,2.5,1,0,0,1,0,0,0,0,0,0,0,0,0,0,0,0,0,1,0,0,1,0,0,0,0,0,0,0,0,7.5,0,1,0,1,1,0,0,523,0,rejected
1,33.92,1.585,0,1,0,0,1,0,0,0,0,0,0,0,0,0,0,0,0,0,1,0,0,0,0,1,0,0,0,0,0,0,0,1,0,0,1,0,0,320,0,rejected
1,24.92,1.25,1,0,0,1,0,0,0,0,0,0,0,0,0,0,0,0,0,0,1,0,0,0,0,1,0,0,0,0,0,0,0,1,0,0,1,0,0,80,0,rejected
0,35.25,3.165,1,0,0,1,0,0,0,0,0,0,0,0,0,0,1,0,0,0,0,0,0,1,0,0,0,0,0,0,0,3.75,0,1,0,1,1,0,0,680,0,rejected
0,34.25,1.75,1,0,0,1,0,0,1,0,0,0,0,0,0,0,0,0,0,0,0,0,0,0,1,0,0,0,0,0,0,0.25,0,1,0,1,1,0,0,163,0,rejected
0,80.25,5.5,1,0,0,1,0,0,0,0,0,0,0,0,1,0,0,0,0,0,0,0,1,0,0,0,0,0,0,0,0,0.54,0,1,0,0,1,0,0,0,340,rejected
0,19.42,1.5,0,1,0,0,1,0,0,0,0,0,1,0,0,0,0,0,0,0,0,0,1,0,0,0,0,0,0,0,0,2,0,1,0,1,1,0,0,100,20,rejected
0,42.75,3,1,0,0,1,0,0,0,0,0,0,0,0,0,0,0,1,0,0,0,0,0,0,1,0,0,0,0,0,0,1,0,1,0,0,1,0,0,0,200,rejected
0,19.67,10,0,1,0,0,1,0,0,0,0,0,0,1,0,0,0,0,0,0,0,0,0,1,0,0,0,0,0,0,0,0.835,0,1,0,1,1,0,0,140,0,rejected
0,36.33,3.79,1,0,0,1,0,0,1,0,0,0,0,0,0,0,0,0,0,0,0,0,1,0,0,0,0,0,0,0,0,1.165,0,1,0,1,1,0,0,200,0,rejected
0,30.08,1.04,0,1,0,0,1,0,0,0,0,0,0,0,0,0,0,1,0,0,0,0,0,0,1,0,0,0,0,0,0,0.5,0,0,10,1,1,0,0,132,28,rejected
0,44.25,11,0,1,0,0,1,0,0,0,0,0,0,0,0,1,0,0,0,0,0,0,1,0,0,0,0,0,0,0,0,1.5,0,1,0,0,0,1,0,0,0,rejected
0,23.58,0.46,0,1,0,0,1,0,1,0,0,0,0,0,0,0,0,0,0,0,0,0,1,0,0,0,0,0,0,0,0,2.625,0,0,6,1,1,0,0,208,347,rejected
0,23.92,1.5,1,0,0,1,0,0,0,0,0,0,0,0,0,1,0,0,0,0,0,0,0,1,0,0,0,0,0,0,0,1.875,0,0,6,0,1,0,0,200,327,approved
0,33.17,1,1,0,0,1,0,0,0,0,0,0,0,0,0,0,1,0,0,0,0,0,1,0,0,0,0,0,0,0,0,0.75,0,0,7,1,1,0,0,340,4071,approved
0,48.33,12,1,0,0,1,0,0,0,0,1,0,0,0,0,0,0,0,0,0,0,0,1,0,0,0,0,0,0,0,0,16,0,1,0,0,0,1,0,110,0,approved
0,76.75,22.29,1,0,0,1,0,0,0,0,0,0,0,0,0,0,0,0,1,0,0,0,0,0,0,0,0,1,0,0,0,12.75,0,0,1,1,1,0,0,0,109,approved
0,51.33,10,1,0,0,1,0,0,0,0,0,0,0,0,0,0,0,1,0,0,0,0,0,0,1,0,0,0,0,0,0,0,0,0,11,0,1,0,0,0,1249,approved
0,34.75,15,1,0,0,1,0,0,0,0,0,1,0,0,0,0,0,0,0,0,0,0,0,0,0,0,0,0,0,0,1,5.375,0,0,9,1,1,0,0,0,134,approved
0,38.58,3.335,1,0,0,1,0,0,1,0,0,0,0,0,0,0,0,0,0,0,0,0,1,0,0,0,0,0,0,0,0,4,0,0,14,0,1,0,0,383,1344,approved
1,22.42,11.25,0,1,0,0,1,0,0,0,0,0,0,0,0,0,1,0,0,0,0,0,0,1,0,0,0,0,0,0,0,0.75,0,0,4,0,1,0,0,0,321,approved
0,41.92,0.42,1,0,0,1,0,0,0,0,0,0,0,0,1,0,0,0,0,0,0,0,0,1,0,0,0,0,0,0,0,0.21,0,0,6,0,1,0,0,220,948,approved
0,29.58,4.5,1,0,0,1,0,0,1,0,0,0,0,0,0,0,0,0,0,0,0,0,1,0,0,0,0,0,0,0,0,7.5,0,0,2,1,1,0,0,330,0,approved
1,32.17,1.46,1,0,0,1,0,0,1,0,0,0,0,0,0,0,0,0,0,0,0,0,1,0,0,0,0,0,0,0,0,1.085,0,0,16,0,1,0,0,120,2079,approved
0,51.42,0.04,1,0,0,1,0,0,0,0,0,0,0,0,0,0,1,0,0,0,0,0,0,1,0,0,0,0,0,0,0,0.04,0,1,0,0,1,0,0,0,3000,approved
1,22.83,2.29,1,0,0,1,0,0,0,1,0,0,0,0,0,0,0,0,0,0,0,0,0,1,0,0,0,0,0,0,0,2.29,0,0,7,1,1,0,0,140,2384,approved
1,25,12.33,1,0,0,1,0,0,0,0,0,0,1,0,0,0,0,0,0,0,0,0,0,1,0,0,0,0,0,0,0,3.5,0,0,6,0,1,0,0,400,458,approved
0,26.75,1.125,1,0,0,1,0,0,0,0,0,0,0,0,0,0,1,0,0,0,0,0,0,1,0,0,0,0,0,0,0,1.25,0,1,0,0,1,0,0,0,5298,approved
0,23.33,1.5,1,0,0,1,0,0,0,0,0,0,0,0,1,0,0,0,0,0,0,0,0,1,0,0,0,0,0,0,0,1.415,0,1,0,0,1,0,0,422,200,approved
0,24.42,12.335,1,0,0,1,0,0,0,1,0,0,0,0,0,0,0,0,0,0,0,0,0,1,0,0,0,0,0,0,0,1.585,0,1,0,1,1,0,0,120,0,approved
0,42.17,5.04,1,0,0,1,0,0,0,1,0,0,0,0,0,0,0,0,0,0,0,0,0,1,0,0,0,0,0,0,0,12.75,0,1,0,1,1,0,0,92,0,approved
1,20.83,3,1,0,0,1,0,0,0,0,0,0,0,0,0,0,0,0,0,1,0,0,1,0,0,0,0,0,0,0,0,0.04,0,1,0,0,1,0,0,100,0,approved
0,23.08,11.5,1,0,0,1,0,0,1,0,0,0,0,0,0,0,0,0,0,0,0,0,0,1,0,0,0,0,0,0,0,2.125,0,0,11,1,1,0,0,290,284,approved
1,25.17,2.875,1,0,0,1,0,0,0,0,0,0,0,0,0,0,1,0,0,0,0,0,0,1,0,0,0,0,0,0,0,0.875,0,1,0,0,1,0,0,360,0,approved
0,43.08,0.375,0,1,0,0,1,0,0,0,0,0,0,0,1,0,0,0,0,0,0,0,1,0,0,0,0,0,0,0,0,0.375,0,0,8,1,1,0,0,300,162,approved
1,35.75,0.915,1,0,0,1,0,0,0,0,0,0,0,0,0,0,0,0,0,1,0,0,1,0,0,0,0,0,0,0,0,0.75,0,0,4,0,1,0,0,0,1583,approved
0,59.5,2.75,1,0,0,1,0,0,1,0,0,0,0,0,0,0,0,0,0,0,0,0,1,0,0,0,0,0,0,0,0,1.75,0,0,5,1,1,0,0,60,58,approved
0,21,3,0,1,0,0,1,0,0,0,0,0,0,0,0,1,0,0,0,0,0,0,1,0,0,0,0,0,0,0,0,1.085,0,0,8,1,1,0,0,160,1,approved
0,21.92,0.54,0,1,0,0,1,0,0,0,0,0,0,0,0,0,1,0,0,0,0,0,1,0,0,0,0,0,0,0,0,0.04,0,0,1,1,1,0,0,840,59,approved
1,65.17,14,1,0,0,1,0,0,0,0,0,0,0,0,0,0,0,0,0,0,1,0,0,0,0,1,0,0,0,0,0,0,0,0,11,1,1,0,0,0,1400,approved
1,20.33,10,1,0,0,1,0,0,0,0,0,0,0,0,1,0,0,0,0,0,0,0,0,1,0,0,0,0,0,0,0,1,0,0,4,0,1,0,0,50,1465,approved
0,32.25,0.165,0,1,0,0,1,0,0,0,0,0,0,0,1,0,0,0,0,0,0,0,0,1,0,0,0,0,0,0,0,3.25,0,0,1,1,1,0,0,432,8000,approved
0,30.17,0.5,1,0,0,1,0,0,0,0,0,0,0,0,1,0,0,0,0,0,0,0,1,0,0,0,0,0,0,0,0,1.75,0,0,11,0,1,0,0,32,540,approved
0,25.17,6,1,0,0,1,0,0,0,0,0,0,0,0,1,0,0,0,0,0,0,0,1,0,0,0,0,0,0,0,0,1,0,0,3,0,1,0,0,0,0,approved
0,39.17,1.625,1,0,0,1,0,0,0,0,0,0,0,0,1,0,0,0,0,0,0,0,1,0,0,0,0,0,0,0,0,1.5,0,0,10,0,1,0,0,186,4700,approved
0,39.08,6,1,0,0,1,0,0,0,0,1,0,0,0,0,0,0,0,0,0,0,0,1,0,0,0,0,0,0,0,0,1.29,0,0,5,1,1,0,0,108,1097,approved
0,31.67,0.83,1,0,0,1,0,0,0,0,0,0,0,0,0,0,1,0,0,0,0,0,1,0,0,0,0,0,0,0,0,1.335,0,0,8,1,1,0,0,303,3290,approved
0,41,0.04,1,0,0,1,0,0,0,0,0,0,0,0,0,0,0,0,1,0,0,0,1,0,0,0,0,0,0,0,0,0.04,1,0,1,0,0,1,0,560,0,approved
0,48.5,4.25,1,0,0,1,0,0,0,0,1,0,0,0,0,0,0,0,0,0,0,0,1,0,0,0,0,0,0,0,0,0.125,0,1,0,1,1,0,0,225,0,approved
0,32.67,9,0,1,0,0,1,0,1,0,0,0,0,0,0,0,0,0,0,0,0,0,0,1,0,0,0,0,0,0,0,5.25,0,1,0,1,1,0,0,154,0,approved
1,28.08,15,0,1,0,0,1,0,0,0,0,0,0,0,0,0,0,0,1,0,0,0,0,0,0,0,0,1,0,0,0,0,0,1,0,0,1,0,0,0,13212,approved
0,73.42,17.75,1,0,0,1,0,0,0,0,0,0,0,0,0,0,0,0,0,0,1,0,0,0,0,1,0,0,0,0,0,0,0,1,0,1,1,0,0,0,0,approved
0,64.08,20,1,0,0,1,0,0,0,0,0,0,0,0,0,0,1,0,0,0,0,0,0,1,0,0,0,0,0,0,0,17.5,0,0,9,1,1,0,0,0,1000,approved
0,51.58,15,1,0,0,1,0,0,0,0,0,0,0,0,1,0,0,0,0,0,0,0,1,0,0,0,0,0,0,0,0,8.5,0,0,9,0,1,0,0,0,0,approved
0,26.67,1.75,0,1,0,0,1,0,0,0,0,0,0,0,1,0,0,0,0,0,0,0,1,0,0,0,0,0,0,0,0,1,0,0,5,1,1,0,0,160,5777,approved
0,25.33,0.58,1,0,0,1,0,0,0,0,0,0,0,0,1,0,0,0,0,0,0,0,1,0,0,0,0,0,0,0,0,0.29,0,0,7,1,1,0,0,96,5124,approved
0,30.17,6.5,1,0,0,1,0,0,0,0,0,0,1,0,0,0,0,0,0,0,0,0,1,0,0,0,0,0,0,0,0,3.125,0,0,8,0,1,0,0,330,1200,approved
0,27,0.75,1,0,0,1,0,0,0,0,0,0,0,0,1,0,0,0,0,0,0,0,0,1,0,0,0,0,0,0,0,4.25,0,0,3,1,1,0,0,312,150,approved
0,23.17,0,1,0,0,1,0,0,0,0,0,0,0,0,1,0,0,0,0,0,0,0,1,0,0,0,0,0,0,0,0,0,1,1,0,0,0,0,1,184.014771,0,approved
0,34.17,5.25,1,0,0,1,0,0,1,0,0,0,0,0,0,0,0,0,0,0,0,0,1,0,0,0,0,0,0,0,0,0.085,1,1,0,1,1,0,0,290,6,approved
0,38.67,0.21,1,0,0,1,0,0,0,0,0,0,0,1,0,0,0,0,0,0,0,0,1,0,0,0,0,0,0,0,0,0.085,0,1,0,1,1,0,0,280,0,approved
0,25.75,0.75,1,0,0,1,0,0,0,0,0,0,0,0,1,0,0,0,0,0,0,0,0,0,1,0,0,0,0,0,0,0.25,0,1,0,0,1,0,0,349,23,approved
1,46.08,3,1,0,0,1,0,0,0,0,0,0,0,0,1,0,0,0,0,0,0,0,1,0,0,0,0,0,0,0,0,2.375,0,0,8,1,1,0,0,396,4159,approved
1,21.5,6,1,0,0,1,0,0,0,0,0,0,0,0,0,0,0,0,0,1,0,0,1,0,0,0,0,0,0,0,0,2.5,0,0,3,0,1,0,0,80,918,approved
0,20.08,0.125,1,0,0,1,0,0,0,1,0,0,0,0,0,0,0,0,0,0,0,0,1,0,0,0,0,0,0,0,0,1,1,0,1,0,1,0,0,240,768,approved
0,20.5,2.415,1,0,0,1,0,0,0,0,0,0,0,0,1,0,0,0,0,0,0,0,1,0,0,0,0,0,0,0,0,2,0,0,11,1,1,0,0,200,3000,approved
1,29.5,0.46,1,0,0,1,0,0,0,0,0,0,0,1,0,0,0,0,0,0,0,0,1,0,0,0,0,0,0,0,0,0.54,0,0,4,0,1,0,0,380,500,approved
0,42.25,1.75,0,1,0,0,1,0,0,0,0,0,0,0,1,0,0,0,0,0,0,0,1,0,0,0,0,0,0,0,0,0,1,1,0,1,1,0,0,150,1,rejected
0,29.83,1.25,0,1,0,0,1,0,0,0,0,0,0,1,0,0,0,0,0,0,0,0,1,0,0,0,0,0,0,0,0,0.25,1,1,0,0,1,0,0,224,0,rejected
0,20.08,0.25,1,0,0,1,0,0,0,1,0,0,0,0,0,0,0,0,0,0,0,0,1,0,0,0,0,0,0,0,0,0.125,1,1,0,0,1,0,0,200,0,rejected
0,23.42,0.585,1,0,0,1,0,0,0,0,0,0,0,0,1,0,0,0,0,0,0,0,0,1,0,0,0,0,0,0,0,0.085,0,1,0,0,1,0,0,180,0,rejected
1,29.58,1.75,0,1,0,0,1,0,0,0,0,0,0,1,0,0,0,0,0,0,0,0,1,0,0,0,0,0,0,0,0,1.25,1,1,0,1,1,0,0,280,0,rejected
0,16.17,0.04,1,0,0,1,0,0,0,0,0,0,0,0,1,0,0,0,0,0,0,0,1,0,0,0,0,0,0,0,0,0.04,1,1,0,0,1,0,0,0,0,approved
0,32.33,3.5,1,0,0,1,0,0,0,0,0,0,0,1,0,0,0,0,0,0,0,0,1,0,0,0,0,0,0,0,0,0.5,1,1,0,1,1,0,0,232,0,rejected
0,31.568171,0.04,0,1,0,0,1,0,0,0,0,0,0,0,0,1,0,0,0,0,0,0,1,0,0,0,0,0,0,0,0,4.25,1,1,0,1,1,0,0,460,0,rejected
0,47.83,4.165,1,0,0,1,0,0,0,0,0,0,0,0,0,0,1,0,0,0,0,0,0,0,1,0,0,0,0,0,0,0.085,1,1,0,1,1,0,0,520,0,rejected
0,20,1.25,0,1,0,0,1,0,0,0,0,0,0,1,0,0,0,0,0,0,0,0,1,0,0,0,0,0,0,0,0,0.125,1,1,0,0,1,0,0,140,4,rejected
0,27.58,3.25,0,1,0,0,1,0,0,1,0,0,0,0,0,0,0,0,0,0,0,0,0,1,0,0,0,0,0,0,0,5.085,1,0,2,1,1,0,0,369,1,rejected
0,22,0.79,1,0,0,1,0,0,1,0,0,0,0,0,0,0,0,0,0,0,0,0,1,0,0,0,0,0,0,0,0,0.29,1,0,1,0,1,0,0,420,283,rejected
0,19.33,10.915,1,0,0,1,0,0,0,0,0,0,0,0,1,0,0,0,0,0,0,0,0,0,1,0,0,0,0,0,0,0.585,1,0,2,1,1,0,0,200,7,rejected
1,38.33,4.415,1,0,0,1,0,0,0,0,0,0,0,0,1,0,0,0,0,0,0,0,1,0,0,0,0,0,0,0,0,0.125,1,1,0,0,1,0,0,160,0,rejected
0,29.42,1.25,1,0,0,1,0,0,0,0,0,0,0,0,1,0,0,0,0,0,0,0,0,1,0,0,0,0,0,0,0,0.25,1,0,2,1,1,0,0,400,108,rejected
0,22.67,0.75,1,0,0,1,0,0,0,0,0,0,0,0,0,0,0,1,0,0,0,0,1,0,0,0,0,0,0,0,0,1.585,1,0,1,1,1,0,0,400,9,rejected
0,32.25,14,0,1,0,0,1,0,0,0,0,0,0,0,0,0,0,0,0,0,1,0,0,0,0,1,0,0,0,0,0,0,1,0,2,0,1,0,0,160,1,rejected
0,29.58,4.75,1,0,0,1,0,0,0,0,1,0,0,0,0,0,0,0,0,0,0,0,1,0,0,0,0,0,0,0,0,2,1,0,1,1,1,0,0,460,68,rejected
0,18.42,10.415,0,1,0,0,1,0,0,0,0,0,0,0,0,0,0,0,0,1,0,0,1,0,0,0,0,0,0,0,0,0.125,0,1,0,0,1,0,0,120,375,rejected
0,22.17,2.25,1,0,0,1,0,0,0,0,0,0,0,0,0,0,0,1,0,0,0,0,1,0,0,0,0,0,0,0,0,0.125,1,1,0,0,1,0,0,160,10,rejected
0,22.67,0.165,1,0,0,1,0,0,0,0,0,0,0,0,1,0,0,0,0,0,0,0,0,0,0,0,1,0,0,0,0,2.25,1,1,0,1,0,1,0,0,0,approved
1,25.58,0,1,0,0,1,0,0,0,0,0,0,0,0,1,0,0,0,0,0,0,0,1,0,0,0,0,0,0,0,0,0,1,1,0,0,0,0,1,184.014771,0,approved
0,18.83,0,1,0,0,1,0,0,0,1,0,0,0,0,0,0,0,0,0,0,0,0,1,0,0,0,0,0,0,0,0,0.665,1,1,0,0,1,0,0,160,1,rejected
0,21.58,0.79,0,1,0,0,1,0,0,0,0,0,1,0,0,0,0,0,0,0,0,0,1,0,0,0,0,0,0,0,0,0.665,1,1,0,0,1,0,0,160,0,rejected
0,23.75,12,1,0,0,1,0,0,0,0,0,0,0,0,1,0,0,0,0,0,0,0,1,0,0,0,0,0,0,0,0,2.085,1,1,0,0,0,1,0,80,0,rejected
0,22,7.835,0,1,0,0,1,0,0,0,0,0,0,0,0,0,0,1,0,0,0,0,0,0,1,0,0,0,0,0,0,0.165,1,1,0,1,1,0,0,184.014771,0,rejected
0,36.08,2.54,1,0,0,1,0,0,0,0,0,0,0,0,0,0,0,0,0,0,1,0,0,0,0,1,0,0,0,0,0,0,1,1,0,0,1,0,0,0,1000,rejected
0,29.25,13,1,0,0,1,0,0,0,0,0,0,0,0,0,1,0,0,0,0,0,0,0,1,0,0,0,0,0,0,0,0.5,1,1,0,0,1,0,0,228,0,rejected
1,19.58,0.665,1,0,0,1,0,0,1,0,0,0,0,0,0,0,0,0,0,0,0,0,1,0,0,0,0,0,0,0,0,1.665,1,1,0,0,1,0,0,220,5,rejected
1,22.92,1.25,1,0,0,1,0,0,0,1,0,0,0,0,0,0,0,0,0,0,0,0,1,0,0,0,0,0,0,0,0,0.25,1,1,0,1,1,0,0,120,809,rejected
1,27.25,0.29,1,0,0,1,0,0,0,0,1,0,0,0,0,0,0,0,0,0,0,0,0,1,0,0,0,0,0,0,0,0.125,1,0,1,1,1,0,0,272,108,rejected
1,38.75,1.5,1,0,0,1,0,0,0,0,0,0,0,0,0,0,0,0,0,0,1,0,0,0,0,1,0,0,0,0,0,0,1,1,0,0,1,0,0,76,0,rejected
0,32.42,2.165,0,1,0,0,1,0,0,0,0,0,0,1,0,0,0,0,0,0,0,0,0,0,0,1,0,0,0,0,0,0,1,1,0,0,1,0,0,120,0,rejected
1,23.75,0.71,1,0,0,1,0,0,1,0,0,0,0,0,0,0,0,0,0,0,0,0,1,0,0,0,0,0,0,0,0,0.25,1,0,1,1,1,0,0,240,4,rejected
0,18.17,2.46,1,0,0,1,0,0,0,0,0,0,0,0,1,0,0,0,0,0,0,0,0,0,0,0,0,0,0,0,1,0.96,1,0,2,1,1,0,0,160,587,rejected
0,40.92,0.5,0,1,0,0,1,0,0,0,1,0,0,0,0,0,0,0,0,0,0,0,1,0,0,0,0,0,0,0,0,0.5,1,1,0,1,1,0,0,130,0,rejected
0,19.5,9.585,1,0,0,1,0,0,0,0,0,0,0,0,0,0,0,0,0,1,0,0,1,0,0,0,0,0,0,0,0,0.79,1,1,0,0,1,0,0,80,350,rejected
0,28.58,3.625,1,0,0,1,0,0,0,0,0,0,0,0,0,0,0,0,0,1,0,0,1,0,0,0,0,0,0,0,0,0.25,1,1,0,1,1,0,0,100,0,rejected
0,35.58,0.75,1,0,0,1,0,0,0,0,0,0,0,1,0,0,0,0,0,0,0,0,1,0,0,0,0,0,0,0,0,1.5,1,1,0,1,1,0,0,231,0,rejected
0,34.17,2.75,1,0,0,1,0,0,0,0,0,0,0,0,0,0,0,1,0,0,0,0,0,0,1,0,0,0,0,0,0,2.5,1,1,0,1,1,0,0,232,200,rejected
0,33.17,2.25,0,1,0,0,1,0,0,0,0,0,1,0,0,0,0,0,0,0,0,0,1,0,0,0,0,0,0,0,0,3.5,1,1,0,1,1,0,0,200,141,rejected
0,31.58,0.75,0,1,0,0,1,0,0,0,0,0,0,0,0,0,0,0,0,1,0,0,1,0,0,0,0,0,0,0,0,3.5,1,1,0,1,1,0,0,320,0,rejected
1,52.5,7,1,0,0,1,0,0,0,0,0,0,0,0,0,0,0,0,0,1,0,0,0,1,0,0,0,0,0,0,0,3,1,1,0,0,1,0,0,0,0,rejected
0,36.17,0.42,0,1,0,0,1,0,1,0,0,0,0,0,0,0,0,0,0,0,0,0,1,0,0,0,0,0,0,0,0,0.29,1,1,0,1,1,0,0,309,2,rejected
0,37.33,2.665,1,0,0,1,0,0,0,0,0,0,1,0,0,0,0,0,0,0,0,0,1,0,0,0,0,0,0,0,0,0.165,1,1,0,1,1,0,0,0,501,rejected
1,20.83,8.5,1,0,0,1,0,0,0,0,0,0,0,0,1,0,0,0,0,0,0,0,1,0,0,0,0,0,0,0,0,0.165,1,1,0,0,1,0,0,0,351,rejected
0,24.08,9,1,0,0,1,0,0,0,0,0,0,0,0,0,0,0,0,0,1,0,0,1,0,0,0,0,0,0,0,0,0.25,1,1,0,1,1,0,0,0,0,rejected
0,25.58,0.335,1,0,0,1,0,0,0,0,0,0,0,1,0,0,0,0,0,0,0,0,0,1,0,0,0,0,0,0,0,3.5,1,1,0,1,1,0,0,340,0,rejected
1,35.17,3.75,1,0,0,1,0,0,0,0,0,0,0,0,0,0,0,0,0,0,1,0,0,0,0,1,0,0,0,0,0,0,1,0,6,0,1,0,0,0,200,rejected
0,48.08,3.75,1,0,0,1,0,0,0,0,0,0,0,0,0,0,0,1,0,0,0,0,0,0,1,0,0,0,0,0,0,1,1,1,0,0,1,0,0,100,2,rejected
1,15.83,7.625,1,0,0,1,0,0,0,1,0,0,0,0,0,0,0,0,0,0,0,0,1,0,0,0,0,0,0,0,0,0.125,1,0,1,1,1,0,0,0,160,rejected
1,22.5,0.415,1,0,0,1,0,0,0,0,0,0,0,0,0,0,0,1,0,0,0,0,1,0,0,0,0,0,0,0,0,0.335,1,1,0,1,0,1,0,144,0,rejected
0,21.5,11.5,1,0,0,1,0,0,0,0,0,0,0,0,0,0,0,1,0,0,0,0,1,0,0,0,0,0,0,0,0,0.5,0,1,0,1,1,0,0,100,68,rejected
1,23.58,0.83,1,0,0,1,0,0,0,1,0,0,0,0,0,0,0,0,0,0,0,0,1,0,0,0,0,0,0,0,0,0.415,1,0,1,1,1,0,0,200,11,rejected
1,21.08,5,0,1,0,0,1,0,0,0,0,0,0,0,0,0,0,0,0,0,1,0,0,0,0,1,0,0,0,0,0,0,1,1,0,0,1,0,0,0,0,rejected
0,25.67,3.25,1,0,0,1,0,0,0,0,0,0,0,0,1,0,0,0,0,0,0,0,0,1,0,0,0,0,0,0,0,2.29,1,0,1,1,1,0,0,416,21,rejected
1,38.92,1.665,1,0,0,1,0,0,0,0,0,0,0,0,0,0,0,0,0,1,0,0,1,0,0,0,0,0,0,0,0,0.25,1,1,0,0,1,0,0,0,390,rejected
1,15.75,0.375,1,0,0,1,0,0,0,0,0,0,0,0,1,0,0,0,0,0,0,0,1,0,0,0,0,0,0,0,0,1,1,1,0,0,1,0,0,120,18,rejected
1,28.58,3.75,1,0,0,1,0,0,0,0,0,0,0,0,1,0,0,0,0,0,0,0,1,0,0,0,0,0,0,0,0,0.25,1,0,1,1,1,0,0,40,154,rejected
0,22.25,9,1,0,0,1,0,0,0,0,0,0,0,0,0,0,0,0,0,1,0,0,1,0,0,0,0,0,0,0,0,0.085,1,1,0,0,1,0,0,0,0,rejected
0,29.83,3.5,1,0,0,1,0,0,0,0,0,0,0,0,1,0,0,0,0,0,0,0,1,0,0,0,0,0,0,0,0,0.165,1,1,0,0,1,0,0,216,0,rejected
1,23.5,1.5,1,0,0,1,0,0,1,0,0,0,0,0,0,0,0,0,0,0,0,0,1,0,0,0,0,0,0,0,0,0.875,1,1,0,1,1,0,0,160,0,rejected
0,32.08,4,0,1,0,0,1,0,0,0,0,0,1,0,0,0,0,0,0,0,0,0,1,0,0,0,0,0,0,0,0,1.5,1,1,0,1,1,0,0,120,0,rejected
0,31.08,1.5,0,1,0,0,1,0,1,0,0,0,0,0,0,0,0,0,0,0,0,0,1,0,0,0,0,0,0,0,0,0.04,1,1,0,0,0,1,0,160,0,rejected
0,31.83,0.04,0,1,0,0,1,0,0,0,1,0,0,0,0,0,0,0,0,0,0,0,1,0,0,0,0,0,0,0,0,0.04,1,1,0,0,1,0,0,0,0,rejected
1,21.75,11.75,1,0,0,1,0,0,0,0,0,0,0,0,1,0,0,0,0,0,0,0,1,0,0,0,0,0,0,0,0,0.25,1,1,0,1,1,0,0,180,0,rejected
1,17.92,0.54,1,0,0,1,0,0,0,0,0,0,0,0,1,0,0,0,0,0,0,0,1,0,0,0,0,0,0,0,0,1.75,1,0,1,1,1,0,0,80,5,rejected
0,30.33,0.5,1,0,0,1,0,0,0,0,0,0,0,0,0,1,0,0,0,0,0,0,0,1,0,0,0,0,0,0,0,0.085,1,1,0,1,0,1,0,252,0,rejected
0,51.83,2.04,0,1,0,0,1,0,0,0,0,0,0,0,0,0,0,0,0,0,1,0,0,0,0,1,0,0,0,0,0,1.5,1,1,0,0,1,0,0,120,1,rejected
0,47.17,5.835,1,0,0,1,0,0,1,0,0,0,0,0,0,0,0,0,0,0,0,0,1,0,0,0,0,0,0,0,0,5.5,1,1,0,0,1,0,0,465,150,rejected
0,25.83,12.835,1,0,0,1,0,0,0,0,0,0,1,0,0,0,0,0,0,0,0,0,1,0,0,0,0,0,0,0,0,0.5,1,1,0,0,1,0,0,0,2,rejected
1,50.25,0.835,1,0,0,1,0,0,0,0,0,0,0,0,0,0,0,0,0,1,0,0,1,0,0,0,0,0,0,0,0,0.5,1,1,0,1,1,0,0,240,117,rejected
0,29.5,2,0,1,0,0,1,0,0,0,0,0,0,0,0,0,0,0,1,0,0,0,0,1,0,0,0,0,0,0,0,2,1,1,0,0,1,0,0,256,17,rejected
1,37.33,2.5,1,0,0,1,0,0,0,0,0,0,0,0,0,0,0,1,0,0,0,0,0,1,0,0,0,0,0,0,0,0.21,1,1,0,0,1,0,0,260,246,rejected
1,41.58,1.04,1,0,0,1,0,0,0,0,0,0,0,0,0,0,0,0,0,1,0,0,1,0,0,0,0,0,0,0,0,0.665,1,1,0,0,1,0,0,240,237,rejected
1,30.58,10.665,1,0,0,1,0,0,0,1,0,0,0,0,0,0,0,0,0,0,0,0,0,1,0,0,0,0,0,0,0,0.085,1,0,12,1,1,0,0,129,3,rejected
0,19.42,7.25,1,0,0,1,0,0,0,0,1,0,0,0,0,0,0,0,0,0,0,0,1,0,0,0,0,0,0,0,0,0.04,1,0,1,0,1,0,0,100,1,rejected
1,17.92,10.21,1,0,0,1,0,0,0,0,0,0,0,0,0,0,0,0,0,0,1,0,0,0,0,1,0,0,0,0,0,0,1,1,0,0,1,0,0,0,50,rejected
1,20.08,1.25,1,0,0,1,0,0,0,0,0,0,0,0,1,0,0,0,0,0,0,0,1,0,0,0,0,0,0,0,0,0,1,1,0,0,1,0,0,0,0,rejected
0,19.5,0.29,1,0,0,1,0,0,0,0,0,0,0,1,0,0,0,0,0,0,0,0,1,0,0,0,0,0,0,0,0,0.29,1,1,0,0,1,0,0,280,364,rejected
0,27.83,1,0,1,0,0,1,0,0,0,0,0,0,0,0,1,0,0,0,0,0,0,0,1,0,0,0,0,0,0,0,3,1,1,0,0,1,0,0,176,537,rejected
0,17.08,3.29,1,0,0,1,0,0,0,0,0,0,0,0,0,0,0,1,0,0,0,0,1,0,0,0,0,0,0,0,0,0.335,1,1,0,1,1,0,0,140,2,rejected
0,36.42,0.75,0,1,0,0,1,0,0,0,0,0,0,0,0,1,0,0,0,0,0,0,1,0,0,0,0,0,0,0,0,0.585,1,1,0,0,1,0,0,240,3,rejected
0,40.58,3.29,1,0,0,1,0,0,0,0,1,0,0,0,0,0,0,0,0,0,0,0,1,0,0,0,0,0,0,0,0,3.5,1,1,0,1,0,1,0,400,0,rejected
0,21.08,10.085,0,1,0,0,1,0,0,0,0,0,0,0,0,0,0,0,1,0,0,0,0,1,0,0,0,0,0,0,0,1.25,1,1,0,0,1,0,0,260,0,rejected
1,22.67,0.75,1,0,0,1,0,0,0,0,0,0,0,0,1,0,0,0,0,0,0,0,1,0,0,0,0,0,0,0,0,2,1,0,2,1,1,0,0,200,394,rejected
1,25.25,13.5,0,1,0,0,1,0,0,0,0,0,0,0,0,0,0,0,0,0,1,0,0,0,0,1,0,0,0,0,0,2,1,0,1,1,1,0,0,200,1,rejected
0,17.92,0.205,1,0,0,1,0,0,0,0,0,0,0,0,0,0,0,0,0,1,0,0,1,0,0,0,0,0,0,0,0,0.04,1,1,0,0,1,0,0,280,750,rejected
0,35,3.375,1,0,0,1,0,0,0,0,0,0,0,0,1,0,0,0,0,0,0,0,0,1,0,0,0,0,0,0,0,8.29,1,1,0,1,1,0,0,0,0,rejected
